pair_id,problem_id,problem_unchanged,prefix_unchanged,single_local_edit,reference_continuation_available,control_replacement_restores_path,downstream_information_preserved,structurally_recoverable,notes
pair_math500_001,math500_001,YES,YES,YES,YES,YES,YES,YES,Task state path structurally recoverable upon local error correction.
pair_math500_002,math500_002,YES,YES,YES,YES,YES,YES,YES,Task state path structurally recoverable upon local error correction.
pair_math500_003,math500_003,YES,YES,YES,YES,YES,YES,YES,Task state path structurally recoverable upon local error correction.
pair_math500_005,math500_005,YES,YES,YES,YES,YES,YES,YES,Task state path structurally recoverable upon local error correction.
pair_math500_006,math500_006,YES,YES,YES,YES,YES,YES,YES,Task state path structurally recoverable upon local error correction.
pair_math500_007,math500_007,YES,YES,YES,YES,YES,YES,YES,Task state path structurally recoverable upon local error correction.
pair_math500_008,math500_008,YES,YES,YES,YES,YES,YES,YES,Task state path structurally recoverable upon local error correction.
pair_math500_009,math500_009,YES,YES,YES,YES,YES,YES,YES,Task state path structurally recoverable upon local error correction.
pair_math500_010,math500_010,YES,YES,YES,YES,YES,YES,YES,Task state path structurally recoverable upon local error correction.
pair_math500_011,math500_011,YES,YES,YES,YES,YES,YES,YES,Task state path structurally recoverable upon local error correction.
pair_math500_012,math500_012,YES,YES,YES,YES,YES,YES,YES,Task state path structurally recoverable upon local error correction.
pair_math500_013,math500_013,YES,YES,YES,YES,YES,YES,YES,Task state path structurally recoverable upon local error correction.
pair_math500_014,math500_014,YES,YES,YES,YES,YES,YES,YES,Task state path structurally recoverable upon local error correction.
pair_math500_015,math500_015,YES,YES,YES,YES,YES,YES,YES,Task state path structurally recoverable upon local error correction.
pair_math500_016,math500_016,YES,YES,YES,YES,YES,YES,YES,Task state path structurally recoverable upon local error correction.
pair_math500_018,math500_018,YES,YES,YES,YES,YES,YES,YES,Task state path structurally recoverable upon local error correction.
pair_math500_019,math500_019,YES,YES,YES,YES,YES,YES,YES,Task state path structurally recoverable upon local error correction.
pair_math500_020,math500_020,YES,YES,YES,YES,YES,YES,YES,Task state path structurally recoverable upon local error correction.
pair_math500_021,math500_021,YES,YES,YES,YES,YES,YES,YES,Task state path structurally recoverable upon local error correction.
pair_math500_022,math500_022,YES,YES,YES,YES,YES,YES,YES,Task state path structurally recoverable upon local error correction.
pair_math500_023,math500_023,YES,YES,YES,YES,YES,YES,YES,Task state path structurally recoverable upon local error correction.
pair_math500_024,math500_024,YES,YES,YES,YES,YES,YES,YES,Task state path structurally recoverable upon local error correction.
pair_math500_025,math500_025,YES,YES,YES,YES,YES,YES,YES,Task state path structurally recoverable upon local error correction.
pair_math500_026,math500_026,YES,YES,YES,YES,YES,YES,YES,Task state path structurally recoverable upon local error correction.
pair_math500_027,math500_027,YES,YES,YES,YES,YES,YES,YES,Task state path structurally recoverable upon local error correction.
pair_math500_028,math500_028,YES,YES,YES,YES,YES,YES,YES,Task state path structurally recoverable upon local error correction.
pair_math500_029,math500_029,YES,YES,YES,YES,YES,YES,YES,Task state path structurally recoverable upon local error correction.
pair_math500_030,math500_030,YES,YES,YES,YES,YES,YES,YES,Task state path structurally recoverable upon local error correction.
pair_math500_032,math500_032,YES,YES,YES,YES,YES,YES,YES,Task state path structurally recoverable upon local error correction.
pair_math500_033,math500_033,YES,YES,YES,YES,YES,YES,YES,Task state path structurally recoverable upon local error correction.
pair_math500_034,math500_034,YES,YES,YES,YES,YES,YES,YES,Task state path structurally recoverable upon local error correction.
pair_math500_035,math500_035,YES,YES,YES,YES,YES,YES,YES,Task state path structurally recoverable upon local error correction.
pair_math500_036,math500_036,YES,YES,YES,YES,YES,YES,YES,Task state path structurally recoverable upon local error correction.
pair_math500_037,math500_037,YES,YES,YES,YES,YES,YES,YES,Task state path structurally recoverable upon local error correction.
pair_math500_038,math500_038,YES,YES,YES,YES,YES,YES,YES,Task state path structurally recoverable upon local error correction.
pair_math500_039,math500_039,YES,YES,YES,YES,YES,YES,YES,Task state path structurally recoverable upon local error correction.
pair_math500_040,math500_040,YES,YES,YES,YES,YES,YES,YES,Task state path structurally recoverable upon local error correction.
pair_math500_041,math500_041,YES,YES,YES,YES,YES,YES,YES,Task state path structurally recoverable upon local error correction.
pair_math500_042,math500_042,YES,YES,YES,YES,YES,YES,YES,Task state path structurally recoverable upon local error correction.
pair_math500_043,math500_043,YES,YES,YES,YES,YES,YES,YES,Task state path structurally recoverable upon local error correction.
pair_math500_044,math500_044,YES,YES,YES,YES,YES,YES,YES,Task state path structurally recoverable upon local error correction.
pair_math500_045,math500_045,YES,YES,YES,YES,YES,YES,YES,Task state path structurally recoverable upon local error correction.
pair_math500_046,math500_046,YES,YES,YES,YES,YES,YES,YES,Task state path structurally recoverable upon local error correction.
pair_math500_047,math500_047,YES,YES,YES,YES,YES,YES,YES,Task state path structurally recoverable upon local error correction.
pair_math500_048,math500_048,YES,YES,YES,YES,YES,YES,YES,Task state path structurally recoverable upon local error correction.
pair_math500_049,math500_049,YES,YES,YES,YES,YES,YES,YES,Task state path structurally recoverable upon local error correction.
pair_math500_050,math500_050,YES,YES,YES,YES,YES,YES,YES,Task state path structurally recoverable upon local error correction.
pair_math500_051,math500_051,YES,YES,YES,YES,YES,YES,YES,Task state path structurally recoverable upon local error correction.
pair_math500_052,math500_052,YES,YES,YES,YES,YES,YES,YES,Task state path structurally recoverable upon local error correction.
pair_math500_055,math500_055,YES,YES,YES,YES,YES,YES,YES,Task state path structurally recoverable upon local error correction.
pair_math500_056,math500_056,YES,YES,YES,YES,YES,YES,YES,Task state path structurally recoverable upon local error correction.
pair_math500_057,math500_057,YES,YES,YES,YES,YES,YES,YES,Task state path structurally recoverable upon local error correction.
pair_math500_058,math500_058,YES,YES,YES,YES,YES,YES,YES,Task state path structurally recoverable upon local error correction.
pair_math500_059,math500_059,YES,YES,YES,YES,YES,YES,YES,Task state path structurally recoverable upon local error correction.
pair_math500_060,math500_060,YES,YES,YES,YES,YES,YES,YES,Task state path structurally recoverable upon local error correction.
pair_math500_061,math500_061,YES,YES,YES,YES,YES,YES,YES,Task state path structurally recoverable upon local error correction.
pair_math500_062,math500_062,YES,YES,YES,YES,YES,YES,YES,Task state path structurally recoverable upon local error correction.
pair_math500_063,math500_063,YES,YES,YES,YES,YES,YES,YES,Task state path structurally recoverable upon local error correction.
pair_math500_064,math500_064,YES,YES,YES,YES,YES,YES,YES,Task state path structurally recoverable upon local error correction.
pair_math500_065,math500_065,YES,YES,YES,YES,YES,YES,YES,Task state path structurally recoverable upon local error correction.
pair_math500_066,math500_066,YES,YES,YES,YES,YES,YES,YES,Task state path structurally recoverable upon local error correction.
pair_math500_067,math500_067,YES,YES,YES,YES,YES,YES,YES,Task state path structurally recoverable upon local error correction.
pair_math500_068,math500_068,YES,YES,YES,YES,YES,YES,YES,Task state path structurally recoverable upon local error correction.
pair_math500_069,math500_069,YES,YES,YES,YES,YES,YES,YES,Task state path structurally recoverable upon local error correction.
pair_math500_070,math500_070,YES,YES,YES,YES,YES,YES,YES,Task state path structurally recoverable upon local error correction.
pair_math500_071,math500_071,YES,YES,YES,YES,YES,YES,YES,Task state path structurally recoverable upon local error correction.
pair_math500_072,math500_072,YES,YES,YES,YES,YES,YES,YES,Task state path structurally recoverable upon local error correction.
pair_math500_073,math500_073,YES,YES,YES,YES,YES,YES,YES,Task state path structurally recoverable upon local error correction.
pair_math500_074,math500_074,YES,YES,YES,YES,YES,YES,YES,Task state path structurally recoverable upon local error correction.
pair_math500_075,math500_075,YES,YES,YES,YES,YES,YES,YES,Task state path structurally recoverable upon local error correction.
pair_math500_076,math500_076,YES,YES,YES,YES,YES,YES,YES,Task state path structurally recoverable upon local error correction.
pair_math500_077,math500_077,YES,YES,YES,YES,YES,YES,YES,Task state path structurally recoverable upon local error correction.
pair_math500_078,math500_078,YES,YES,YES,YES,YES,YES,YES,Task state path structurally recoverable upon local error correction.
pair_math500_079,math500_079,YES,YES,YES,YES,YES,YES,YES,Task state path structurally recoverable upon local error correction.
pair_math500_081,math500_081,YES,YES,YES,YES,YES,YES,YES,Task state path structurally recoverable upon local error correction.
pair_math500_082,math500_082,YES,YES,YES,YES,YES,YES,YES,Task state path structurally recoverable upon local error correction.
pair_math500_083,math500_083,YES,YES,YES,YES,YES,YES,YES,Task state path structurally recoverable upon local error correction.
pair_math500_084,math500_084,YES,YES,YES,YES,YES,YES,YES,Task state path structurally recoverable upon local error correction.
pair_math500_085,math500_085,YES,YES,YES,YES,YES,YES,YES,Task state path structurally recoverable upon local error correction.
pair_math500_086,math500_086,YES,YES,YES,YES,YES,YES,YES,Task state path structurally recoverable upon local error correction.
pair_math500_088,math500_088,YES,YES,YES,YES,YES,YES,YES,Task state path structurally recoverable upon local error correction.
pair_math500_089,math500_089,YES,YES,YES,YES,YES,YES,YES,Task state path structurally recoverable upon local error correction.
pair_math500_090,math500_090,YES,YES,YES,YES,YES,YES,YES,Task state path structurally recoverable upon local error correction.
pair_math500_091,math500_091,YES,YES,YES,YES,YES,YES,YES,Task state path structurally recoverable upon local error correction.
pair_math500_092,math500_092,YES,YES,YES,YES,YES,YES,YES,Task state path structurally recoverable upon local error correction.
pair_math500_093,math500_093,YES,YES,YES,YES,YES,YES,YES,Task state path structurally recoverable upon local error correction.
pair_math500_094,math500_094,YES,YES,YES,YES,YES,YES,YES,Task state path structurally recoverable upon local error correction.
pair_math500_095,math500_095,YES,YES,YES,YES,YES,YES,YES,Task state path structurally recoverable upon local error correction.
pair_math500_096,math500_096,YES,YES,YES,YES,YES,YES,YES,Task state path structurally recoverable upon local error correction.
pair_math500_097,math500_097,YES,YES,YES,YES,YES,YES,YES,Task state path structurally recoverable upon local error correction.
pair_math500_098,math500_098,YES,YES,YES,YES,YES,YES,YES,Task state path structurally recoverable upon local error correction.
pair_math500_099,math500_099,YES,YES,YES,YES,YES,YES,YES,Task state path structurally recoverable upon local error correction.
pair_math500_100,math500_100,YES,YES,YES,YES,YES,YES,YES,Task state path structurally recoverable upon local error correction.
pair_math500_101,math500_101,YES,YES,YES,YES,YES,YES,YES,Task state path structurally recoverable upon local error correction.
pair_math500_102,math500_102,YES,YES,YES,YES,YES,YES,YES,Task state path structurally recoverable upon local error correction.
pair_math500_103,math500_103,YES,YES,YES,YES,YES,YES,YES,Task state path structurally recoverable upon local error correction.
pair_math500_104,math500_104,YES,YES,YES,YES,YES,YES,YES,Task state path structurally recoverable upon local error correction.
pair_math500_105,math500_105,YES,YES,YES,YES,YES,YES,YES,Task state path structurally recoverable upon local error correction.
pair_math500_106,math500_106,YES,YES,YES,YES,YES,YES,YES,Task state path structurally recoverable upon local error correction.
pair_math500_107,math500_107,YES,YES,YES,YES,YES,YES,YES,Task state path structurally recoverable upon local error correction.
pair_math500_108,math500_108,YES,YES,YES,YES,YES,YES,YES,Task state path structurally recoverable upon local error correction.
pair_math500_109,math500_109,YES,YES,YES,YES,YES,YES,YES,Task state path structurally recoverable upon local error correction.
pair_math500_111,math500_111,YES,YES,YES,YES,YES,YES,YES,Task state path structurally recoverable upon local error correction.
pair_math500_112,math500_112,YES,YES,YES,YES,YES,YES,YES,Task state path structurally recoverable upon local error correction.
pair_math500_113,math500_113,YES,YES,YES,YES,YES,YES,YES,Task state path structurally recoverable upon local error correction.
pair_math500_114,math500_114,YES,YES,YES,YES,YES,YES,YES,Task state path structurally recoverable upon local error correction.
pair_math500_116,math500_116,YES,YES,YES,YES,YES,YES,YES,Task state path structurally recoverable upon local error correction.
pair_math500_117,math500_117,YES,YES,YES,YES,YES,YES,YES,Task state path structurally recoverable upon local error correction.
pair_math500_118,math500_118,YES,YES,YES,YES,YES,YES,YES,Task state path structurally recoverable upon local error correction.
pair_math500_119,math500_119,YES,YES,YES,YES,YES,YES,YES,Task state path structurally recoverable upon local error correction.
pair_math500_120,math500_120,YES,YES,YES,YES,YES,YES,YES,Task state path structurally recoverable upon local error correction.
pair_math500_121,math500_121,YES,YES,YES,YES,YES,YES,YES,Task state path structurally recoverable upon local error correction.
pair_math500_124,math500_124,YES,YES,YES,YES,YES,YES,YES,Task state path structurally recoverable upon local error correction.
pair_math500_125,math500_125,YES,YES,YES,YES,YES,YES,YES,Task state path structurally recoverable upon local error correction.
pair_math500_126,math500_126,YES,YES,YES,YES,YES,YES,YES,Task state path structurally recoverable upon local error correction.
pair_math500_127,math500_127,YES,YES,YES,YES,YES,YES,YES,Task state path structurally recoverable upon local error correction.
pair_math500_128,math500_128,YES,YES,YES,YES,YES,YES,YES,Task state path structurally recoverable upon local error correction.
pair_math500_129,math500_129,YES,YES,YES,YES,YES,YES,YES,Task state path structurally recoverable upon local error correction.
pair_math500_130,math500_130,YES,YES,YES,YES,YES,YES,YES,Task state path structurally recoverable upon local error correction.
pair_math500_131,math500_131,YES,YES,YES,YES,YES,YES,YES,Task state path structurally recoverable upon local error correction.
pair_math500_132,math500_132,YES,YES,YES,YES,YES,YES,YES,Task state path structurally recoverable upon local error correction.
pair_math500_133,math500_133,YES,YES,YES,YES,YES,YES,YES,Task state path structurally recoverable upon local error correction.
pair_math500_134,math500_134,YES,YES,YES,YES,YES,YES,YES,Task state path structurally recoverable upon local error correction.
pair_math500_135,math500_135,YES,YES,YES,YES,YES,YES,YES,Task state path structurally recoverable upon local error correction.
pair_math500_136,math500_136,YES,YES,YES,YES,YES,YES,YES,Task state path structurally recoverable upon local error correction.
pair_math500_137,math500_137,YES,YES,YES,YES,YES,YES,YES,Task state path structurally recoverable upon local error correction.
pair_math500_138,math500_138,YES,YES,YES,YES,YES,YES,YES,Task state path structurally recoverable upon local error correction.
pair_math500_139,math500_139,YES,YES,YES,YES,YES,YES,YES,Task state path structurally recoverable upon local error correction.
pair_math500_140,math500_140,YES,YES,YES,YES,YES,YES,YES,Task state path structurally recoverable upon local error correction.
pair_math500_141,math500_141,YES,YES,YES,YES,YES,YES,YES,Task state path structurally recoverable upon local error correction.
pair_math500_142,math500_142,YES,YES,YES,YES,YES,YES,YES,Task state path structurally recoverable upon local error correction.
pair_math500_143,math500_143,YES,YES,YES,YES,YES,YES,YES,Task state path structurally recoverable upon local error correction.
pair_math500_144,math500_144,YES,YES,YES,YES,YES,YES,YES,Task state path structurally recoverable upon local error correction.
pair_math500_145,math500_145,YES,YES,YES,YES,YES,YES,YES,Task state path structurally recoverable upon local error correction.
pair_math500_146,math500_146,YES,YES,YES,YES,YES,YES,YES,Task state path structurally recoverable upon local error correction.
pair_math500_147,math500_147,YES,YES,YES,YES,YES,YES,YES,Task state path structurally recoverable upon local error correction.
pair_math500_148,math500_148,YES,YES,YES,YES,YES,YES,YES,Task state path structurally recoverable upon local error correction.
pair_math500_149,math500_149,YES,YES,YES,YES,YES,YES,YES,Task state path structurally recoverable upon local error correction.
pair_math500_150,math500_150,YES,YES,YES,YES,YES,YES,YES,Task state path structurally recoverable upon local error correction.
pair_math500_151,math500_151,YES,YES,YES,YES,YES,YES,YES,Task state path structurally recoverable upon local error correction.
pair_math500_152,math500_152,YES,YES,YES,YES,YES,YES,YES,Task state path structurally recoverable upon local error correction.
pair_math500_153,math500_153,YES,YES,YES,YES,YES,YES,YES,Task state path structurally recoverable upon local error correction.
pair_math500_154,math500_154,YES,YES,YES,YES,YES,YES,YES,Task state path structurally recoverable upon local error correction.
pair_math500_156,math500_156,YES,YES,YES,YES,YES,YES,YES,Task state path structurally recoverable upon local error correction.
pair_math500_157,math500_157,YES,YES,YES,YES,YES,YES,YES,Task state path structurally recoverable upon local error correction.
pair_math500_158,math500_158,YES,YES,YES,YES,YES,YES,YES,Task state path structurally recoverable upon local error correction.
pair_math500_159,math500_159,YES,YES,YES,YES,YES,YES,YES,Task state path structurally recoverable upon local error correction.
pair_math500_160,math500_160,YES,YES,YES,YES,YES,YES,YES,Task state path structurally recoverable upon local error correction.
pair_math500_161,math500_161,YES,YES,YES,YES,YES,YES,YES,Task state path structurally recoverable upon local error correction.
pair_math500_162,math500_162,YES,YES,YES,YES,YES,YES,YES,Task state path structurally recoverable upon local error correction.
pair_math500_163,math500_163,YES,YES,YES,YES,YES,YES,YES,Task state path structurally recoverable upon local error correction.
pair_math500_164,math500_164,YES,YES,YES,YES,YES,YES,YES,Task state path structurally recoverable upon local error correction.
pair_math500_165,math500_165,YES,YES,YES,YES,YES,YES,YES,Task state path structurally recoverable upon local error correction.
pair_math500_166,math500_166,YES,YES,YES,YES,YES,YES,YES,Task state path structurally recoverable upon local error correction.
pair_math500_167,math500_167,YES,YES,YES,YES,YES,YES,YES,Task state path structurally recoverable upon local error correction.
pair_math500_168,math500_168,YES,YES,YES,YES,YES,YES,YES,Task state path structurally recoverable upon local error correction.
pair_math500_169,math500_169,YES,YES,YES,YES,YES,YES,YES,Task state path structurally recoverable upon local error correction.
pair_math500_170,math500_170,YES,YES,YES,YES,YES,YES,YES,Task state path structurally recoverable upon local error correction.
pair_math500_171,math500_171,YES,YES,YES,YES,YES,YES,YES,Task state path structurally recoverable upon local error correction.
pair_math500_172,math500_172,YES,YES,YES,YES,YES,YES,YES,Task state path structurally recoverable upon local error correction.
pair_math500_173,math500_173,YES,YES,YES,YES,YES,YES,YES,Task state path structurally recoverable upon local error correction.
pair_math500_174,math500_174,YES,YES,YES,YES,YES,YES,YES,Task state path structurally recoverable upon local error correction.
pair_math500_175,math500_175,YES,YES,YES,YES,YES,YES,YES,Task state path structurally recoverable upon local error correction.
pair_math500_176,math500_176,YES,YES,YES,YES,YES,YES,YES,Task state path structurally recoverable upon local error correction.
pair_math500_177,math500_177,YES,YES,YES,YES,YES,YES,YES,Task state path structurally recoverable upon local error correction.
pair_math500_178,math500_178,YES,YES,YES,YES,YES,YES,YES,Task state path structurally recoverable upon local error correction.
pair_math500_179,math500_179,YES,YES,YES,YES,YES,YES,YES,Task state path structurally recoverable upon local error correction.
pair_math500_180,math500_180,YES,YES,YES,YES,YES,YES,YES,Task state path structurally recoverable upon local error correction.
pair_math500_181,math500_181,YES,YES,YES,YES,YES,YES,YES,Task state path structurally recoverable upon local error correction.
pair_math500_182,math500_182,YES,YES,YES,YES,YES,YES,YES,Task state path structurally recoverable upon local error correction.
pair_math500_184,math500_184,YES,YES,YES,YES,YES,YES,YES,Task state path structurally recoverable upon local error correction.
pair_math500_185,math500_185,YES,YES,YES,YES,YES,YES,YES,Task state path structurally recoverable upon local error correction.
pair_math500_186,math500_186,YES,YES,YES,YES,YES,YES,YES,Task state path structurally recoverable upon local error correction.
pair_math500_187,math500_187,YES,YES,YES,YES,YES,YES,YES,Task state path structurally recoverable upon local error correction.
pair_math500_188,math500_188,YES,YES,YES,YES,YES,YES,YES,Task state path structurally recoverable upon local error correction.
pair_math500_189,math500_189,YES,YES,YES,YES,YES,YES,YES,Task state path structurally recoverable upon local error correction.
pair_math500_190,math500_190,YES,YES,YES,YES,YES,YES,YES,Task state path structurally recoverable upon local error correction.
pair_math500_191,math500_191,YES,YES,YES,YES,YES,YES,YES,Task state path structurally recoverable upon local error correction.
pair_math500_192,math500_192,YES,YES,YES,YES,YES,YES,YES,Task state path structurally recoverable upon local error correction.
pair_math500_194,math500_194,YES,YES,YES,YES,YES,YES,YES,Task state path structurally recoverable upon local error correction.
pair_math500_195,math500_195,YES,YES,YES,YES,YES,YES,YES,Task state path structurally recoverable upon local error correction.
pair_math500_197,math500_197,YES,YES,YES,YES,YES,YES,YES,Task state path structurally recoverable upon local error correction.
pair_math500_198,math500_198,YES,YES,YES,YES,YES,YES,YES,Task state path structurally recoverable upon local error correction.
pair_math500_199,math500_199,YES,YES,YES,YES,YES,YES,YES,Task state path structurally recoverable upon local error correction.
pair_math500_200,math500_200,YES,YES,YES,YES,YES,YES,YES,Task state path structurally recoverable upon local error correction.
pair_math500_201,math500_201,YES,YES,YES,YES,YES,YES,YES,Task state path structurally recoverable upon local error correction.
pair_math500_202,math500_202,YES,YES,YES,YES,YES,YES,YES,Task state path structurally recoverable upon local error correction.
pair_math500_203,math500_203,YES,YES,YES,YES,YES,YES,YES,Task state path structurally recoverable upon local error correction.
pair_math500_204,math500_204,YES,YES,YES,YES,YES,YES,YES,Task state path structurally recoverable upon local error correction.
pair_math500_205,math500_205,YES,YES,YES,YES,YES,YES,YES,Task state path structurally recoverable upon local error correction.
pair_math500_206,math500_206,YES,YES,YES,YES,YES,YES,YES,Task state path structurally recoverable upon local error correction.
pair_math500_207,math500_207,YES,YES,YES,YES,YES,YES,YES,Task state path structurally recoverable upon local error correction.
pair_math500_208,math500_208,YES,YES,YES,YES,YES,YES,YES,Task state path structurally recoverable upon local error correction.
pair_math500_209,math500_209,YES,YES,YES,YES,YES,YES,YES,Task state path structurally recoverable upon local error correction.
pair_math500_210,math500_210,YES,YES,YES,YES,YES,YES,YES,Task state path structurally recoverable upon local error correction.
pair_math500_211,math500_211,YES,YES,YES,YES,YES,YES,YES,Task state path structurally recoverable upon local error correction.
pair_math500_212,math500_212,YES,YES,YES,YES,YES,YES,YES,Task state path structurally recoverable upon local error correction.
pair_math500_213,math500_213,YES,YES,YES,YES,YES,YES,YES,Task state path structurally recoverable upon local error correction.
pair_math500_214,math500_214,YES,YES,YES,YES,YES,YES,YES,Task state path structurally recoverable upon local error correction.
pair_math500_215,math500_215,YES,YES,YES,YES,YES,YES,YES,Task state path structurally recoverable upon local error correction.
pair_math500_216,math500_216,YES,YES,YES,YES,YES,YES,YES,Task state path structurally recoverable upon local error correction.
pair_math500_217,math500_217,YES,YES,YES,YES,YES,YES,YES,Task state path structurally recoverable upon local error correction.
pair_math500_218,math500_218,YES,YES,YES,YES,YES,YES,YES,Task state path structurally recoverable upon local error correction.
pair_math500_219,math500_219,YES,YES,YES,YES,YES,YES,YES,Task state path structurally recoverable upon local error correction.
pair_math500_220,math500_220,YES,YES,YES,YES,YES,YES,YES,Task state path structurally recoverable upon local error correction.
pair_math500_221,math500_221,YES,YES,YES,YES,YES,YES,YES,Task state path structurally recoverable upon local error correction.
pair_math500_222,math500_222,YES,YES,YES,YES,YES,YES,YES,Task state path structurally recoverable upon local error correction.
pair_math500_223,math500_223,YES,YES,YES,YES,YES,YES,YES,Task state path structurally recoverable upon local error correction.
pair_math500_224,math500_224,YES,YES,YES,YES,YES,YES,YES,Task state path structurally recoverable upon local error correction.
pair_math500_225,math500_225,YES,YES,YES,YES,YES,YES,YES,Task state path structurally recoverable upon local error correction.
pair_math500_228,math500_228,YES,YES,YES,YES,YES,YES,YES,Task state path structurally recoverable upon local error correction.
pair_math500_229,math500_229,YES,YES,YES,YES,YES,YES,YES,Task state path structurally recoverable upon local error correction.
pair_math500_230,math500_230,YES,YES,YES,YES,YES,YES,YES,Task state path structurally recoverable upon local error correction.
pair_math500_231,math500_231,YES,YES,YES,YES,YES,YES,YES,Task state path structurally recoverable upon local error correction.
pair_math500_232,math500_232,YES,YES,YES,YES,YES,YES,YES,Task state path structurally recoverable upon local error correction.
pair_math500_233,math500_233,YES,YES,YES,YES,YES,YES,YES,Task state path structurally recoverable upon local error correction.
pair_math500_234,math500_234,YES,YES,YES,YES,YES,YES,YES,Task state path structurally recoverable upon local error correction.
pair_math500_235,math500_235,YES,YES,YES,YES,YES,YES,YES,Task state path structurally recoverable upon local error correction.
pair_math500_236,math500_236,YES,YES,YES,YES,YES,YES,YES,Task state path structurally recoverable upon local error correction.
pair_math500_237,math500_237,YES,YES,YES,YES,YES,YES,YES,Task state path structurally recoverable upon local error correction.
pair_math500_238,math500_238,YES,YES,YES,YES,YES,YES,YES,Task state path structurally recoverable upon local error correction.
pair_math500_239,math500_239,YES,YES,YES,YES,YES,YES,YES,Task state path structurally recoverable upon local error correction.
pair_math500_240,math500_240,YES,YES,YES,YES,YES,YES,YES,Task state path structurally recoverable upon local error correction.
pair_math500_241,math500_241,YES,YES,YES,YES,YES,YES,YES,Task state path structurally recoverable upon local error correction.
pair_math500_242,math500_242,YES,YES,YES,YES,YES,YES,YES,Task state path structurally recoverable upon local error correction.
pair_math500_243,math500_243,YES,YES,YES,YES,YES,YES,YES,Task state path structurally recoverable upon local error correction.
pair_math500_244,math500_244,YES,YES,YES,YES,YES,YES,YES,Task state path structurally recoverable upon local error correction.
pair_math500_245,math500_245,YES,YES,YES,YES,YES,YES,YES,Task state path structurally recoverable upon local error correction.
pair_math500_246,math500_246,YES,YES,YES,YES,YES,YES,YES,Task state path structurally recoverable upon local error correction.
pair_math500_247,math500_247,YES,YES,YES,YES,YES,YES,YES,Task state path structurally recoverable upon local error correction.
pair_math500_248,math500_248,YES,YES,YES,YES,YES,YES,YES,Task state path structurally recoverable upon local error correction.
pair_math500_249,math500_249,YES,YES,YES,YES,YES,YES,YES,Task state path structurally recoverable upon local error correction.
pair_math500_250,math500_250,YES,YES,YES,YES,YES,YES,YES,Task state path structurally recoverable upon local error correction.
pair_math500_251,math500_251,YES,YES,YES,YES,YES,YES,YES,Task state path structurally recoverable upon local error correction.
pair_math500_252,math500_252,YES,YES,YES,YES,YES,YES,YES,Task state path structurally recoverable upon local error correction.
pair_math500_253,math500_253,YES,YES,YES,YES,YES,YES,YES,Task state path structurally recoverable upon local error correction.
pair_math500_254,math500_254,YES,YES,YES,YES,YES,YES,YES,Task state path structurally recoverable upon local error correction.
pair_math500_255,math500_255,YES,YES,YES,YES,YES,YES,YES,Task state path structurally recoverable upon local error correction.
pair_math500_256,math500_256,YES,YES,YES,YES,YES,YES,YES,Task state path structurally recoverable upon local error correction.
pair_math500_257,math500_257,YES,YES,YES,YES,YES,YES,YES,Task state path structurally recoverable upon local error correction.
pair_math500_258,math500_258,YES,YES,YES,YES,YES,YES,YES,Task state path structurally recoverable upon local error correction.
pair_math500_259,math500_259,YES,YES,YES,YES,YES,YES,YES,Task state path structurally recoverable upon local error correction.
pair_math500_260,math500_260,YES,YES,YES,YES,YES,YES,YES,Task state path structurally recoverable upon local error correction.
pair_math500_261,math500_261,YES,YES,YES,YES,YES,YES,YES,Task state path structurally recoverable upon local error correction.
pair_math500_262,math500_262,YES,YES,YES,YES,YES,YES,YES,Task state path structurally recoverable upon local error correction.
pair_math500_263,math500_263,YES,YES,YES,YES,YES,YES,YES,Task state path structurally recoverable upon local error correction.
pair_math500_264,math500_264,YES,YES,YES,YES,YES,YES,YES,Task state path structurally recoverable upon local error correction.
pair_math500_265,math500_265,YES,YES,YES,YES,YES,YES,YES,Task state path structurally recoverable upon local error correction.
pair_math500_266,math500_266,YES,YES,YES,YES,YES,YES,YES,Task state path structurally recoverable upon local error correction.
pair_math500_267,math500_267,YES,YES,YES,YES,YES,YES,YES,Task state path structurally recoverable upon local error correction.
pair_math500_269,math500_269,YES,YES,YES,YES,YES,YES,YES,Task state path structurally recoverable upon local error correction.
pair_math500_270,math500_270,YES,YES,YES,YES,YES,YES,YES,Task state path structurally recoverable upon local error correction.
pair_math500_271,math500_271,YES,YES,YES,YES,YES,YES,YES,Task state path structurally recoverable upon local error correction.
pair_math500_272,math500_272,YES,YES,YES,YES,YES,YES,YES,Task state path structurally recoverable upon local error correction.
pair_math500_274,math500_274,YES,YES,YES,YES,YES,YES,YES,Task state path structurally recoverable upon local error correction.
pair_math500_275,math500_275,YES,YES,YES,YES,YES,YES,YES,Task state path structurally recoverable upon local error correction.
pair_math500_276,math500_276,YES,YES,YES,YES,YES,YES,YES,Task state path structurally recoverable upon local error correction.
pair_math500_277,math500_277,YES,YES,YES,YES,YES,YES,YES,Task state path structurally recoverable upon local error correction.
pair_math500_278,math500_278,YES,YES,YES,YES,YES,YES,YES,Task state path structurally recoverable upon local error correction.
pair_math500_279,math500_279,YES,YES,YES,YES,YES,YES,YES,Task state path structurally recoverable upon local error correction.
pair_math500_280,math500_280,YES,YES,YES,YES,YES,YES,YES,Task state path structurally recoverable upon local error correction.
pair_math500_281,math500_281,YES,YES,YES,YES,YES,YES,YES,Task state path structurally recoverable upon local error correction.
pair_math500_282,math500_282,YES,YES,YES,YES,YES,YES,YES,Task state path structurally recoverable upon local error correction.
pair_math500_283,math500_283,YES,YES,YES,YES,YES,YES,YES,Task state path structurally recoverable upon local error correction.
pair_math500_284,math500_284,YES,YES,YES,YES,YES,YES,YES,Task state path structurally recoverable upon local error correction.
pair_math500_286,math500_286,YES,YES,YES,YES,YES,YES,YES,Task state path structurally recoverable upon local error correction.
pair_math500_287,math500_287,YES,YES,YES,YES,YES,YES,YES,Task state path structurally recoverable upon local error correction.
pair_math500_288,math500_288,YES,YES,YES,YES,YES,YES,YES,Task state path structurally recoverable upon local error correction.
pair_math500_289,math500_289,YES,YES,YES,YES,YES,YES,YES,Task state path structurally recoverable upon local error correction.
pair_math500_290,math500_290,YES,YES,YES,YES,YES,YES,YES,Task state path structurally recoverable upon local error correction.
pair_math500_291,math500_291,YES,YES,YES,YES,YES,YES,YES,Task state path structurally recoverable upon local error correction.
pair_math500_293,math500_293,YES,YES,YES,YES,YES,YES,YES,Task state path structurally recoverable upon local error correction.
pair_math500_294,math500_294,YES,YES,YES,YES,YES,YES,YES,Task state path structurally recoverable upon local error correction.
pair_math500_295,math500_295,YES,YES,YES,YES,YES,YES,YES,Task state path structurally recoverable upon local error correction.
pair_math500_296,math500_296,YES,YES,YES,YES,YES,YES,YES,Task state path structurally recoverable upon local error correction.
pair_math500_297,math500_297,YES,YES,YES,YES,YES,YES,YES,Task state path structurally recoverable upon local error correction.
pair_math500_298,math500_298,YES,YES,YES,YES,YES,YES,YES,Task state path structurally recoverable upon local error correction.
pair_math500_299,math500_299,YES,YES,YES,YES,YES,YES,YES,Task state path structurally recoverable upon local error correction.
pair_math500_300,math500_300,YES,YES,YES,YES,YES,YES,YES,Task state path structurally recoverable upon local error correction.
pair_math500_301,math500_301,YES,YES,YES,YES,YES,YES,YES,Task state path structurally recoverable upon local error correction.
pair_math500_302,math500_302,YES,YES,YES,YES,YES,YES,YES,Task state path structurally recoverable upon local error correction.
pair_math500_303,math500_303,YES,YES,YES,YES,YES,YES,YES,Task state path structurally recoverable upon local error correction.
pair_math500_304,math500_304,YES,YES,YES,YES,YES,YES,YES,Task state path structurally recoverable upon local error correction.
pair_math500_305,math500_305,YES,YES,YES,YES,YES,YES,YES,Task state path structurally recoverable upon local error correction.
pair_math500_306,math500_306,YES,YES,YES,YES,YES,YES,YES,Task state path structurally recoverable upon local error correction.
pair_math500_307,math500_307,YES,YES,YES,YES,YES,YES,YES,Task state path structurally recoverable upon local error correction.
pair_math500_308,math500_308,YES,YES,YES,YES,YES,YES,YES,Task state path structurally recoverable upon local error correction.
pair_math500_309,math500_309,YES,YES,YES,YES,YES,YES,YES,Task state path structurally recoverable upon local error correction.
pair_math500_310,math500_310,YES,YES,YES,YES,YES,YES,YES,Task state path structurally recoverable upon local error correction.
pair_math500_312,math500_312,YES,YES,YES,YES,YES,YES,YES,Task state path structurally recoverable upon local error correction.
pair_math500_313,math500_313,YES,YES,YES,YES,YES,YES,YES,Task state path structurally recoverable upon local error correction.
pair_math500_314,math500_314,YES,YES,YES,YES,YES,YES,YES,Task state path structurally recoverable upon local error correction.
pair_math500_315,math500_315,YES,YES,YES,YES,YES,YES,YES,Task state path structurally recoverable upon local error correction.
pair_math500_316,math500_316,YES,YES,YES,YES,YES,YES,YES,Task state path structurally recoverable upon local error correction.
pair_math500_317,math500_317,YES,YES,YES,YES,YES,YES,YES,Task state path structurally recoverable upon local error correction.
pair_math500_318,math500_318,YES,YES,YES,YES,YES,YES,YES,Task state path structurally recoverable upon local error correction.
pair_math500_319,math500_319,YES,YES,YES,YES,YES,YES,YES,Task state path structurally recoverable upon local error correction.
pair_math500_320,math500_320,YES,YES,YES,YES,YES,YES,YES,Task state path structurally recoverable upon local error correction.
pair_math500_321,math500_321,YES,YES,YES,YES,YES,YES,YES,Task state path structurally recoverable upon local error correction.
pair_math500_322,math500_322,YES,YES,YES,YES,YES,YES,YES,Task state path structurally recoverable upon local error correction.
pair_math500_323,math500_323,YES,YES,YES,YES,YES,YES,YES,Task state path structurally recoverable upon local error correction.
pair_math500_324,math500_324,YES,YES,YES,YES,YES,YES,YES,Task state path structurally recoverable upon local error correction.
pair_math500_325,math500_325,YES,YES,YES,YES,YES,YES,YES,Task state path structurally recoverable upon local error correction.
pair_math500_326,math500_326,YES,YES,YES,YES,YES,YES,YES,Task state path structurally recoverable upon local error correction.
pair_math500_327,math500_327,YES,YES,YES,YES,YES,YES,YES,Task state path structurally recoverable upon local error correction.
pair_math500_328,math500_328,YES,YES,YES,YES,YES,YES,YES,Task state path structurally recoverable upon local error correction.
pair_math500_329,math500_329,YES,YES,YES,YES,YES,YES,YES,Task state path structurally recoverable upon local error correction.
pair_math500_330,math500_330,YES,YES,YES,YES,YES,YES,YES,Task state path structurally recoverable upon local error correction.
pair_math500_331,math500_331,YES,YES,YES,YES,YES,YES,YES,Task state path structurally recoverable upon local error correction.
pair_math500_332,math500_332,YES,YES,YES,YES,YES,YES,YES,Task state path structurally recoverable upon local error correction.
pair_math500_333,math500_333,YES,YES,YES,YES,YES,YES,YES,Task state path structurally recoverable upon local error correction.
pair_math500_334,math500_334,YES,YES,YES,YES,YES,YES,YES,Task state path structurally recoverable upon local error correction.
pair_math500_335,math500_335,YES,YES,YES,YES,YES,YES,YES,Task state path structurally recoverable upon local error correction.
pair_math500_337,math500_337,YES,YES,YES,YES,YES,YES,YES,Task state path structurally recoverable upon local error correction.
pair_math500_338,math500_338,YES,YES,YES,YES,YES,YES,YES,Task state path structurally recoverable upon local error correction.
pair_math500_339,math500_339,YES,YES,YES,YES,YES,YES,YES,Task state path structurally recoverable upon local error correction.
pair_math500_340,math500_340,YES,YES,YES,YES,YES,YES,YES,Task state path structurally recoverable upon local error correction.
pair_math500_341,math500_341,YES,YES,YES,YES,YES,YES,YES,Task state path structurally recoverable upon local error correction.
pair_math500_342,math500_342,YES,YES,YES,YES,YES,YES,YES,Task state path structurally recoverable upon local error correction.
pair_math500_343,math500_343,YES,YES,YES,YES,YES,YES,YES,Task state path structurally recoverable upon local error correction.
pair_math500_344,math500_344,YES,YES,YES,YES,YES,YES,YES,Task state path structurally recoverable upon local error correction.
pair_math500_345,math500_345,YES,YES,YES,YES,YES,YES,YES,Task state path structurally recoverable upon local error correction.
pair_math500_346,math500_346,YES,YES,YES,YES,YES,YES,YES,Task state path structurally recoverable upon local error correction.
pair_math500_347,math500_347,YES,YES,YES,YES,YES,YES,YES,Task state path structurally recoverable upon local error correction.
pair_math500_349,math500_349,YES,YES,YES,YES,YES,YES,YES,Task state path structurally recoverable upon local error correction.
pair_math500_350,math500_350,YES,YES,YES,YES,YES,YES,YES,Task state path structurally recoverable upon local error correction.
pair_math500_351,math500_351,YES,YES,YES,YES,YES,YES,YES,Task state path structurally recoverable upon local error correction.
pair_math500_352,math500_352,YES,YES,YES,YES,YES,YES,YES,Task state path structurally recoverable upon local error correction.
pair_math500_353,math500_353,YES,YES,YES,YES,YES,YES,YES,Task state path structurally recoverable upon local error correction.
pair_math500_354,math500_354,YES,YES,YES,YES,YES,YES,YES,Task state path structurally recoverable upon local error correction.
pair_math500_355,math500_355,YES,YES,YES,YES,YES,YES,YES,Task state path structurally recoverable upon local error correction.
pair_math500_356,math500_356,YES,YES,YES,YES,YES,YES,YES,Task state path structurally recoverable upon local error correction.
pair_math500_357,math500_357,YES,YES,YES,YES,YES,YES,YES,Task state path structurally recoverable upon local error correction.
pair_math500_358,math500_358,YES,YES,YES,YES,YES,YES,YES,Task state path structurally recoverable upon local error correction.
pair_math500_359,math500_359,YES,YES,YES,YES,YES,YES,YES,Task state path structurally recoverable upon local error correction.
pair_math500_360,math500_360,YES,YES,YES,YES,YES,YES,YES,Task state path structurally recoverable upon local error correction.
pair_math500_361,math500_361,YES,YES,YES,YES,YES,YES,YES,Task state path structurally recoverable upon local error correction.
pair_math500_363,math500_363,YES,YES,YES,YES,YES,YES,YES,Task state path structurally recoverable upon local error correction.
pair_math500_364,math500_364,YES,YES,YES,YES,YES,YES,YES,Task state path structurally recoverable upon local error correction.
pair_math500_365,math500_365,YES,YES,YES,YES,YES,YES,YES,Task state path structurally recoverable upon local error correction.
pair_math500_366,math500_366,YES,YES,YES,YES,YES,YES,YES,Task state path structurally recoverable upon local error correction.
pair_math500_367,math500_367,YES,YES,YES,YES,YES,YES,YES,Task state path structurally recoverable upon local error correction.
pair_math500_368,math500_368,YES,YES,YES,YES,YES,YES,YES,Task state path structurally recoverable upon local error correction.
pair_math500_369,math500_369,YES,YES,YES,YES,YES,YES,YES,Task state path structurally recoverable upon local error correction.
pair_math500_370,math500_370,YES,YES,YES,YES,YES,YES,YES,Task state path structurally recoverable upon local error correction.
pair_math500_371,math500_371,YES,YES,YES,YES,YES,YES,YES,Task state path structurally recoverable upon local error correction.
pair_math500_372,math500_372,YES,YES,YES,YES,YES,YES,YES,Task state path structurally recoverable upon local error correction.
pair_math500_373,math500_373,YES,YES,YES,YES,YES,YES,YES,Task state path structurally recoverable upon local error correction.
pair_math500_374,math500_374,YES,YES,YES,YES,YES,YES,YES,Task state path structurally recoverable upon local error correction.
pair_math500_375,math500_375,YES,YES,YES,YES,YES,YES,YES,Task state path structurally recoverable upon local error correction.
pair_math500_376,math500_376,YES,YES,YES,YES,YES,YES,YES,Task state path structurally recoverable upon local error correction.
pair_math500_377,math500_377,YES,YES,YES,YES,YES,YES,YES,Task state path structurally recoverable upon local error correction.
pair_math500_378,math500_378,YES,YES,YES,YES,YES,YES,YES,Task state path structurally recoverable upon local error correction.
pair_math500_379,math500_379,YES,YES,YES,YES,YES,YES,YES,Task state path structurally recoverable upon local error correction.
pair_math500_380,math500_380,YES,YES,YES,YES,YES,YES,YES,Task state path structurally recoverable upon local error correction.
pair_math500_381,math500_381,YES,YES,YES,YES,YES,YES,YES,Task state path structurally recoverable upon local error correction.
pair_math500_382,math500_382,YES,YES,YES,YES,YES,YES,YES,Task state path structurally recoverable upon local error correction.
pair_math500_383,math500_383,YES,YES,YES,YES,YES,YES,YES,Task state path structurally recoverable upon local error correction.
pair_math500_384,math500_384,YES,YES,YES,YES,YES,YES,YES,Task state path structurally recoverable upon local error correction.
pair_math500_385,math500_385,YES,YES,YES,YES,YES,YES,YES,Task state path structurally recoverable upon local error correction.
pair_math500_386,math500_386,YES,YES,YES,YES,YES,YES,YES,Task state path structurally recoverable upon local error correction.
pair_math500_387,math500_387,YES,YES,YES,YES,YES,YES,YES,Task state path structurally recoverable upon local error correction.
pair_math500_388,math500_388,YES,YES,YES,YES,YES,YES,YES,Task state path structurally recoverable upon local error correction.
pair_math500_389,math500_389,YES,YES,YES,YES,YES,YES,YES,Task state path structurally recoverable upon local error correction.
pair_math500_390,math500_390,YES,YES,YES,YES,YES,YES,YES,Task state path structurally recoverable upon local error correction.
pair_math500_391,math500_391,YES,YES,YES,YES,YES,YES,YES,Task state path structurally recoverable upon local error correction.
pair_math500_392,math500_392,YES,YES,YES,YES,YES,YES,YES,Task state path structurally recoverable upon local error correction.
pair_math500_393,math500_393,YES,YES,YES,YES,YES,YES,YES,Task state path structurally recoverable upon local error correction.
pair_math500_394,math500_394,YES,YES,YES,YES,YES,YES,YES,Task state path structurally recoverable upon local error correction.
pair_math500_395,math500_395,YES,YES,YES,YES,YES,YES,YES,Task state path structurally recoverable upon local error correction.
pair_math500_396,math500_396,YES,YES,YES,YES,YES,YES,YES,Task state path structurally recoverable upon local error correction.
pair_math500_397,math500_397,YES,YES,YES,YES,YES,YES,YES,Task state path structurally recoverable upon local error correction.
pair_math500_398,math500_398,YES,YES,YES,YES,YES,YES,YES,Task state path structurally recoverable upon local error correction.
pair_math500_399,math500_399,YES,YES,YES,YES,YES,YES,YES,Task state path structurally recoverable upon local error correction.
pair_math500_400,math500_400,YES,YES,YES,YES,YES,YES,YES,Task state path structurally recoverable upon local error correction.
pair_math500_401,math500_401,YES,YES,YES,YES,YES,YES,YES,Task state path structurally recoverable upon local error correction.
pair_math500_402,math500_402,YES,YES,YES,YES,YES,YES,YES,Task state path structurally recoverable upon local error correction.
pair_math500_403,math500_403,YES,YES,YES,YES,YES,YES,YES,Task state path structurally recoverable upon local error correction.
pair_math500_404,math500_404,YES,YES,YES,YES,YES,YES,YES,Task state path structurally recoverable upon local error correction.
pair_math500_405,math500_405,YES,YES,YES,YES,YES,YES,YES,Task state path structurally recoverable upon local error correction.
pair_math500_406,math500_406,YES,YES,YES,YES,YES,YES,YES,Task state path structurally recoverable upon local error correction.
pair_math500_407,math500_407,YES,YES,YES,YES,YES,YES,YES,Task state path structurally recoverable upon local error correction.
pair_math500_408,math500_408,YES,YES,YES,YES,YES,YES,YES,Task state path structurally recoverable upon local error correction.
pair_math500_409,math500_409,YES,YES,YES,YES,YES,YES,YES,Task state path structurally recoverable upon local error correction.
pair_math500_410,math500_410,YES,YES,YES,YES,YES,YES,YES,Task state path structurally recoverable upon local error correction.
pair_math500_411,math500_411,YES,YES,YES,YES,YES,YES,YES,Task state path structurally recoverable upon local error correction.
pair_math500_413,math500_413,YES,YES,YES,YES,YES,YES,YES,Task state path structurally recoverable upon local error correction.
pair_math500_414,math500_414,YES,YES,YES,YES,YES,YES,YES,Task state path structurally recoverable upon local error correction.
pair_math500_416,math500_416,YES,YES,YES,YES,YES,YES,YES,Task state path structurally recoverable upon local error correction.
pair_math500_417,math500_417,YES,YES,YES,YES,YES,YES,YES,Task state path structurally recoverable upon local error correction.
pair_math500_418,math500_418,YES,YES,YES,YES,YES,YES,YES,Task state path structurally recoverable upon local error correction.
pair_math500_419,math500_419,YES,YES,YES,YES,YES,YES,YES,Task state path structurally recoverable upon local error correction.
pair_math500_420,math500_420,YES,YES,YES,YES,YES,YES,YES,Task state path structurally recoverable upon local error correction.
pair_math500_421,math500_421,YES,YES,YES,YES,YES,YES,YES,Task state path structurally recoverable upon local error correction.
pair_math500_422,math500_422,YES,YES,YES,YES,YES,YES,YES,Task state path structurally recoverable upon local error correction.
pair_math500_423,math500_423,YES,YES,YES,YES,YES,YES,YES,Task state path structurally recoverable upon local error correction.
pair_math500_425,math500_425,YES,YES,YES,YES,YES,YES,YES,Task state path structurally recoverable upon local error correction.
pair_math500_426,math500_426,YES,YES,YES,YES,YES,YES,YES,Task state path structurally recoverable upon local error correction.
pair_math500_427,math500_427,YES,YES,YES,YES,YES,YES,YES,Task state path structurally recoverable upon local error correction.
pair_math500_428,math500_428,YES,YES,YES,YES,YES,YES,YES,Task state path structurally recoverable upon local error correction.
pair_math500_429,math500_429,YES,YES,YES,YES,YES,YES,YES,Task state path structurally recoverable upon local error correction.
pair_math500_430,math500_430,YES,YES,YES,YES,YES,YES,YES,Task state path structurally recoverable upon local error correction.
pair_math500_432,math500_432,YES,YES,YES,YES,YES,YES,YES,Task state path structurally recoverable upon local error correction.
pair_math500_433,math500_433,YES,YES,YES,YES,YES,YES,YES,Task state path structurally recoverable upon local error correction.
pair_math500_434,math500_434,YES,YES,YES,YES,YES,YES,YES,Task state path structurally recoverable upon local error correction.
pair_math500_435,math500_435,YES,YES,YES,YES,YES,YES,YES,Task state path structurally recoverable upon local error correction.
pair_math500_436,math500_436,YES,YES,YES,YES,YES,YES,YES,Task state path structurally recoverable upon local error correction.
pair_math500_437,math500_437,YES,YES,YES,YES,YES,YES,YES,Task state path structurally recoverable upon local error correction.
pair_math500_438,math500_438,YES,YES,YES,YES,YES,YES,YES,Task state path structurally recoverable upon local error correction.
pair_math500_439,math500_439,YES,YES,YES,YES,YES,YES,YES,Task state path structurally recoverable upon local error correction.
pair_math500_440,math500_440,YES,YES,YES,YES,YES,YES,YES,Task state path structurally recoverable upon local error correction.
pair_math500_441,math500_441,YES,YES,YES,YES,YES,YES,YES,Task state path structurally recoverable upon local error correction.
pair_math500_442,math500_442,YES,YES,YES,YES,YES,YES,YES,Task state path structurally recoverable upon local error correction.
pair_math500_443,math500_443,YES,YES,YES,YES,YES,YES,YES,Task state path structurally recoverable upon local error correction.
pair_math500_444,math500_444,YES,YES,YES,YES,YES,YES,YES,Task state path structurally recoverable upon local error correction.
pair_math500_445,math500_445,YES,YES,YES,YES,YES,YES,YES,Task state path structurally recoverable upon local error correction.
pair_math500_447,math500_447,YES,YES,YES,YES,YES,YES,YES,Task state path structurally recoverable upon local error correction.
pair_math500_448,math500_448,YES,YES,YES,YES,YES,YES,YES,Task state path structurally recoverable upon local error correction.
pair_math500_449,math500_449,YES,YES,YES,YES,YES,YES,YES,Task state path structurally recoverable upon local error correction.
pair_math500_450,math500_450,YES,YES,YES,YES,YES,YES,YES,Task state path structurally recoverable upon local error correction.
pair_math500_451,math500_451,YES,YES,YES,YES,YES,YES,YES,Task state path structurally recoverable upon local error correction.
pair_math500_452,math500_452,YES,YES,YES,YES,YES,YES,YES,Task state path structurally recoverable upon local error correction.
pair_math500_453,math500_453,YES,YES,YES,YES,YES,YES,YES,Task state path structurally recoverable upon local error correction.
pair_math500_454,math500_454,YES,YES,YES,YES,YES,YES,YES,Task state path structurally recoverable upon local error correction.
pair_math500_455,math500_455,YES,YES,YES,YES,YES,YES,YES,Task state path structurally recoverable upon local error correction.
pair_math500_456,math500_456,YES,YES,YES,YES,YES,YES,YES,Task state path structurally recoverable upon local error correction.
pair_math500_457,math500_457,YES,YES,YES,YES,YES,YES,YES,Task state path structurally recoverable upon local error correction.
pair_math500_458,math500_458,YES,YES,YES,YES,YES,YES,YES,Task state path structurally recoverable upon local error correction.
pair_math500_459,math500_459,YES,YES,YES,YES,YES,YES,YES,Task state path structurally recoverable upon local error correction.
pair_math500_460,math500_460,YES,YES,YES,YES,YES,YES,YES,Task state path structurally recoverable upon local error correction.
pair_math500_461,math500_461,YES,YES,YES,YES,YES,YES,YES,Task state path structurally recoverable upon local error correction.
pair_math500_462,math500_462,YES,YES,YES,YES,YES,YES,YES,Task state path structurally recoverable upon local error correction.
pair_math500_463,math500_463,YES,YES,YES,YES,YES,YES,YES,Task state path structurally recoverable upon local error correction.
pair_math500_464,math500_464,YES,YES,YES,YES,YES,YES,YES,Task state path structurally recoverable upon local error correction.
pair_math500_465,math500_465,YES,YES,YES,YES,YES,YES,YES,Task state path structurally recoverable upon local error correction.
pair_math500_466,math500_466,YES,YES,YES,YES,YES,YES,YES,Task state path structurally recoverable upon local error correction.
pair_math500_467,math500_467,YES,YES,YES,YES,YES,YES,YES,Task state path structurally recoverable upon local error correction.
pair_math500_468,math500_468,YES,YES,YES,YES,YES,YES,YES,Task state path structurally recoverable upon local error correction.
pair_math500_469,math500_469,YES,YES,YES,YES,YES,YES,YES,Task state path structurally recoverable upon local error correction.
pair_math500_470,math500_470,YES,YES,YES,YES,YES,YES,YES,Task state path structurally recoverable upon local error correction.
pair_math500_471,math500_471,YES,YES,YES,YES,YES,YES,YES,Task state path structurally recoverable upon local error correction.
pair_math500_472,math500_472,YES,YES,YES,YES,YES,YES,YES,Task state path structurally recoverable upon local error correction.
pair_math500_473,math500_473,YES,YES,YES,YES,YES,YES,YES,Task state path structurally recoverable upon local error correction.
pair_math500_474,math500_474,YES,YES,YES,YES,YES,YES,YES,Task state path structurally recoverable upon local error correction.
pair_math500_475,math500_475,YES,YES,YES,YES,YES,YES,YES,Task state path structurally recoverable upon local error correction.
pair_math500_476,math500_476,YES,YES,YES,YES,YES,YES,YES,Task state path structurally recoverable upon local error correction.
pair_math500_477,math500_477,YES,YES,YES,YES,YES,YES,YES,Task state path structurally recoverable upon local error correction.
pair_math500_478,math500_478,YES,YES,YES,YES,YES,YES,YES,Task state path structurally recoverable upon local error correction.
pair_math500_479,math500_479,YES,YES,YES,YES,YES,YES,YES,Task state path structurally recoverable upon local error correction.
pair_math500_480,math500_480,YES,YES,YES,YES,YES,YES,YES,Task state path structurally recoverable upon local error correction.
pair_math500_481,math500_481,YES,YES,YES,YES,YES,YES,YES,Task state path structurally recoverable upon local error correction.
pair_math500_482,math500_482,YES,YES,YES,YES,YES,YES,YES,Task state path structurally recoverable upon local error correction.
pair_math500_483,math500_483,YES,YES,YES,YES,YES,YES,YES,Task state path structurally recoverable upon local error correction.
pair_math500_484,math500_484,YES,YES,YES,YES,YES,YES,YES,Task state path structurally recoverable upon local error correction.
pair_math500_485,math500_485,YES,YES,YES,YES,YES,YES,YES,Task state path structurally recoverable upon local error correction.
pair_math500_486,math500_486,YES,YES,YES,YES,YES,YES,YES,Task state path structurally recoverable upon local error correction.
pair_math500_487,math500_487,YES,YES,YES,YES,YES,YES,YES,Task state path structurally recoverable upon local error correction.
pair_math500_488,math500_488,YES,YES,YES,YES,YES,YES,YES,Task state path structurally recoverable upon local error correction.
pair_math500_489,math500_489,YES,YES,YES,YES,YES,YES,YES,Task state path structurally recoverable upon local error correction.
pair_math500_490,math500_490,YES,YES,YES,YES,YES,YES,YES,Task state path structurally recoverable upon local error correction.
pair_math500_491,math500_491,YES,YES,YES,YES,YES,YES,YES,Task state path structurally recoverable upon local error correction.
pair_math500_493,math500_493,YES,YES,YES,YES,YES,YES,YES,Task state path structurally recoverable upon local error correction.
pair_math500_494,math500_494,YES,YES,YES,YES,YES,YES,YES,Task state path structurally recoverable upon local error correction.
pair_math500_495,math500_495,YES,YES,YES,YES,YES,YES,YES,Task state path structurally recoverable upon local error correction.
pair_math500_496,math500_496,YES,YES,YES,YES,YES,YES,YES,Task state path structurally recoverable upon local error correction.
pair_math500_497,math500_497,YES,YES,YES,YES,YES,YES,YES,Task state path structurally recoverable upon local error correction.
pair_math500_498,math500_498,YES,YES,YES,YES,YES,YES,YES,Task state path structurally recoverable upon local error correction.
pair_math500_499,math500_499,YES,YES,YES,YES,YES,YES,YES,Task state path structurally recoverable upon local error correction.
