rollout_id,problem_id,rollout_k,error_type,error_step,recovery_status,final_answer_correct
nat_rec_00003,math500_001,2,ARITHMETIC_MISCALCULATION,Step 2,RECOVERED,1
nat_rec_00009,math500_001,8,SELF_DETECTED_REASONING_FLAW,Step 2,UNRECOVERED,0
nat_rec_00019,math500_002,2,SELF_DETECTED_REASONING_FLAW,Step 1,UNRECOVERED,0
nat_rec_00022,math500_002,5,SYMBOLIC_SUBSTITUTION_ERROR,Step 2,UNRECOVERED,0
nat_rec_00024,math500_002,7,SYMBOLIC_SUBSTITUTION_ERROR,Step 3,UNRECOVERED,0
nat_rec_00025,math500_002,8,ARITHMETIC_MISCALCULATION,Step 1,UNRECOVERED,0
nat_rec_00029,math500_002,12,ARITHMETIC_MISCALCULATION,Step 3,UNRECOVERED,0
nat_rec_00042,math500_003,9,SYMBOLIC_SUBSTITUTION_ERROR,Step 3,UNRECOVERED,0
nat_rec_00048,math500_003,15,SYMBOLIC_SUBSTITUTION_ERROR,Step 2,UNRECOVERED,0
nat_rec_00050,math500_005,1,ARITHMETIC_MISCALCULATION,Step 1,UNRECOVERED,0
nat_rec_00055,math500_005,6,SELF_DETECTED_REASONING_FLAW,Step 1,RECOVERED,1
nat_rec_00056,math500_005,7,SELF_DETECTED_REASONING_FLAW,Step 3,UNRECOVERED,0
nat_rec_00057,math500_005,8,ARITHMETIC_MISCALCULATION,Step 4,UNRECOVERED,0
nat_rec_00062,math500_005,13,SELF_DETECTED_REASONING_FLAW,Step 1,RECOVERED,1
nat_rec_00063,math500_005,14,SYMBOLIC_SUBSTITUTION_ERROR,Step 3,UNRECOVERED,0
nat_rec_00068,math500_006,3,ARITHMETIC_MISCALCULATION,Step 4,UNRECOVERED,0
nat_rec_00070,math500_006,5,SYMBOLIC_SUBSTITUTION_ERROR,Step 4,UNRECOVERED,0
nat_rec_00078,math500_006,13,ARITHMETIC_MISCALCULATION,Step 4,UNRECOVERED,0
nat_rec_00087,math500_007,6,SYMBOLIC_SUBSTITUTION_ERROR,Step 4,RECOVERED,1
nat_rec_00088,math500_007,7,SYMBOLIC_SUBSTITUTION_ERROR,Step 2,UNRECOVERED,0
nat_rec_00089,math500_007,8,SELF_DETECTED_REASONING_FLAW,Step 4,UNRECOVERED,0
nat_rec_00097,math500_008,0,ARITHMETIC_MISCALCULATION,Step 4,UNRECOVERED,0
nat_rec_00101,math500_008,4,SYMBOLIC_SUBSTITUTION_ERROR,Step 3,RECOVERED,1
nat_rec_00102,math500_008,5,SYMBOLIC_SUBSTITUTION_ERROR,Step 2,RECOVERED,1
nat_rec_00105,math500_008,8,SYMBOLIC_SUBSTITUTION_ERROR,Step 2,RECOVERED,1
nat_rec_00107,math500_008,10,SELF_DETECTED_REASONING_FLAW,Step 2,UNRECOVERED,0
nat_rec_00109,math500_008,12,ARITHMETIC_MISCALCULATION,Step 1,UNRECOVERED,0
nat_rec_00116,math500_009,3,SELF_DETECTED_REASONING_FLAW,Step 3,UNRECOVERED,0
nat_rec_00129,math500_010,0,SELF_DETECTED_REASONING_FLAW,Step 1,RECOVERED,1
nat_rec_00140,math500_010,11,ARITHMETIC_MISCALCULATION,Step 2,UNRECOVERED,0
nat_rec_00146,math500_011,1,SYMBOLIC_SUBSTITUTION_ERROR,Step 3,RECOVERED,1
nat_rec_00148,math500_011,3,ARITHMETIC_MISCALCULATION,Step 4,UNRECOVERED,0
nat_rec_00153,math500_011,8,SYMBOLIC_SUBSTITUTION_ERROR,Step 3,UNRECOVERED,0
nat_rec_00161,math500_012,0,SYMBOLIC_SUBSTITUTION_ERROR,Step 2,UNRECOVERED,0
nat_rec_00163,math500_012,2,ARITHMETIC_MISCALCULATION,Step 3,RECOVERED,1
nat_rec_00173,math500_012,12,SELF_DETECTED_REASONING_FLAW,Step 3,UNRECOVERED,0
nat_rec_00174,math500_012,13,ARITHMETIC_MISCALCULATION,Step 4,UNRECOVERED,0
nat_rec_00181,math500_013,4,SELF_DETECTED_REASONING_FLAW,Step 1,RECOVERED,1
nat_rec_00191,math500_013,14,SELF_DETECTED_REASONING_FLAW,Step 2,UNRECOVERED,0
nat_rec_00193,math500_014,0,ARITHMETIC_MISCALCULATION,Step 3,UNRECOVERED,0
nat_rec_00199,math500_014,6,SYMBOLIC_SUBSTITUTION_ERROR,Step 2,RECOVERED,1
nat_rec_00204,math500_014,11,SELF_DETECTED_REASONING_FLAW,Step 1,UNRECOVERED,0
nat_rec_00225,math500_016,0,SELF_DETECTED_REASONING_FLAW,Step 4,RECOVERED,1
nat_rec_00228,math500_016,3,ARITHMETIC_MISCALCULATION,Step 3,UNRECOVERED,0
nat_rec_00229,math500_016,4,SELF_DETECTED_REASONING_FLAW,Step 2,UNRECOVERED,0
nat_rec_00232,math500_016,7,ARITHMETIC_MISCALCULATION,Step 1,UNRECOVERED,0
nat_rec_00234,math500_016,9,SELF_DETECTED_REASONING_FLAW,Step 1,RECOVERED,1
nat_rec_00237,math500_016,12,ARITHMETIC_MISCALCULATION,Step 2,UNRECOVERED,0
nat_rec_00239,math500_016,14,SELF_DETECTED_REASONING_FLAW,Step 3,UNRECOVERED,0
nat_rec_00241,math500_018,0,ARITHMETIC_MISCALCULATION,Step 4,UNRECOVERED,0
nat_rec_00247,math500_018,6,SELF_DETECTED_REASONING_FLAW,Step 1,UNRECOVERED,0
nat_rec_00264,math500_019,7,SYMBOLIC_SUBSTITUTION_ERROR,Step 2,UNRECOVERED,0
nat_rec_00267,math500_019,10,SELF_DETECTED_REASONING_FLAW,Step 3,UNRECOVERED,0
nat_rec_00274,math500_020,1,SELF_DETECTED_REASONING_FLAW,Step 2,UNRECOVERED,0
nat_rec_00277,math500_020,4,ARITHMETIC_MISCALCULATION,Step 1,RECOVERED,1
nat_rec_00278,math500_020,5,ARITHMETIC_MISCALCULATION,Step 4,UNRECOVERED,0
nat_rec_00287,math500_020,14,ARITHMETIC_MISCALCULATION,Step 3,UNRECOVERED,0
nat_rec_00289,math500_021,0,SYMBOLIC_SUBSTITUTION_ERROR,Step 3,UNRECOVERED,0
nat_rec_00291,math500_021,2,SELF_DETECTED_REASONING_FLAW,Step 3,UNRECOVERED,0
nat_rec_00293,math500_021,4,ARITHMETIC_MISCALCULATION,Step 1,UNRECOVERED,0
nat_rec_00303,math500_021,14,SELF_DETECTED_REASONING_FLAW,Step 2,UNRECOVERED,0
nat_rec_00305,math500_022,0,SYMBOLIC_SUBSTITUTION_ERROR,Step 1,RECOVERED,1
nat_rec_00307,math500_022,2,SYMBOLIC_SUBSTITUTION_ERROR,Step 2,UNRECOVERED,0
nat_rec_00308,math500_022,3,SYMBOLIC_SUBSTITUTION_ERROR,Step 4,UNRECOVERED,0
nat_rec_00309,math500_022,4,SELF_DETECTED_REASONING_FLAW,Step 4,RECOVERED,1
nat_rec_00320,math500_022,15,SELF_DETECTED_REASONING_FLAW,Step 1,UNRECOVERED,0
nat_rec_00329,math500_023,8,SYMBOLIC_SUBSTITUTION_ERROR,Step 4,UNRECOVERED,0
nat_rec_00330,math500_023,9,SYMBOLIC_SUBSTITUTION_ERROR,Step 3,UNRECOVERED,0
nat_rec_00331,math500_023,10,SELF_DETECTED_REASONING_FLAW,Step 3,UNRECOVERED,0
nat_rec_00333,math500_023,12,SELF_DETECTED_REASONING_FLAW,Step 2,UNRECOVERED,0
nat_rec_00343,math500_024,6,ARITHMETIC_MISCALCULATION,Step 1,UNRECOVERED,0
nat_rec_00345,math500_024,8,SYMBOLIC_SUBSTITUTION_ERROR,Step 4,UNRECOVERED,0
nat_rec_00348,math500_024,11,SYMBOLIC_SUBSTITUTION_ERROR,Step 1,UNRECOVERED,0
nat_rec_00349,math500_024,12,SYMBOLIC_SUBSTITUTION_ERROR,Step 4,RECOVERED,1
nat_rec_00354,math500_025,1,ARITHMETIC_MISCALCULATION,Step 2,UNRECOVERED,0
nat_rec_00365,math500_025,12,ARITHMETIC_MISCALCULATION,Step 3,UNRECOVERED,0
nat_rec_00372,math500_026,3,ARITHMETIC_MISCALCULATION,Step 1,UNRECOVERED,0
nat_rec_00380,math500_026,11,SELF_DETECTED_REASONING_FLAW,Step 2,RECOVERED,1
nat_rec_00385,math500_027,0,ARITHMETIC_MISCALCULATION,Step 1,RECOVERED,1
nat_rec_00400,math500_027,15,ARITHMETIC_MISCALCULATION,Step 1,UNRECOVERED,0
nat_rec_00405,math500_029,4,ARITHMETIC_MISCALCULATION,Step 1,RECOVERED,1
nat_rec_00407,math500_029,6,SELF_DETECTED_REASONING_FLAW,Step 1,UNRECOVERED,0
nat_rec_00412,math500_029,11,ARITHMETIC_MISCALCULATION,Step 3,UNRECOVERED,0
nat_rec_00414,math500_029,13,SYMBOLIC_SUBSTITUTION_ERROR,Step 2,RECOVERED,1
nat_rec_00419,math500_032,2,SELF_DETECTED_REASONING_FLAW,Step 1,RECOVERED,1
nat_rec_00423,math500_032,6,SELF_DETECTED_REASONING_FLAW,Step 2,UNRECOVERED,0
nat_rec_00427,math500_032,10,ARITHMETIC_MISCALCULATION,Step 4,RECOVERED,1
nat_rec_00440,math500_033,7,SELF_DETECTED_REASONING_FLAW,Step 3,UNRECOVERED,0
nat_rec_00442,math500_033,9,SELF_DETECTED_REASONING_FLAW,Step 4,RECOVERED,1
nat_rec_00447,math500_033,14,SYMBOLIC_SUBSTITUTION_ERROR,Step 2,UNRECOVERED,0
nat_rec_00458,math500_034,9,SYMBOLIC_SUBSTITUTION_ERROR,Step 1,UNRECOVERED,0
nat_rec_00470,math500_035,5,ARITHMETIC_MISCALCULATION,Step 4,UNRECOVERED,0
nat_rec_00475,math500_035,10,SYMBOLIC_SUBSTITUTION_ERROR,Step 4,UNRECOVERED,0
nat_rec_00480,math500_035,15,SELF_DETECTED_REASONING_FLAW,Step 1,RECOVERED,1
nat_rec_00482,math500_036,1,SYMBOLIC_SUBSTITUTION_ERROR,Step 3,UNRECOVERED,0
nat_rec_00483,math500_036,2,SELF_DETECTED_REASONING_FLAW,Step 4,RECOVERED,1
nat_rec_00486,math500_036,5,SYMBOLIC_SUBSTITUTION_ERROR,Step 1,UNRECOVERED,0
nat_rec_00488,math500_036,7,ARITHMETIC_MISCALCULATION,Step 4,RECOVERED,1
nat_rec_00495,math500_036,14,ARITHMETIC_MISCALCULATION,Step 3,UNRECOVERED,0
nat_rec_00509,math500_037,12,SYMBOLIC_SUBSTITUTION_ERROR,Step 2,UNRECOVERED,0
nat_rec_00521,math500_038,8,ARITHMETIC_MISCALCULATION,Step 3,RECOVERED,1
nat_rec_00523,math500_038,10,SELF_DETECTED_REASONING_FLAW,Step 3,RECOVERED,1
nat_rec_00526,math500_038,13,ARITHMETIC_MISCALCULATION,Step 2,UNRECOVERED,0
nat_rec_00536,math500_039,7,SYMBOLIC_SUBSTITUTION_ERROR,Step 4,UNRECOVERED,0
nat_rec_00537,math500_039,8,SYMBOLIC_SUBSTITUTION_ERROR,Step 4,RECOVERED,1
nat_rec_00544,math500_039,15,ARITHMETIC_MISCALCULATION,Step 1,UNRECOVERED,0
nat_rec_00546,math500_040,1,SYMBOLIC_SUBSTITUTION_ERROR,Step 1,RECOVERED,1
nat_rec_00548,math500_040,3,SELF_DETECTED_REASONING_FLAW,Step 2,RECOVERED,1
nat_rec_00554,math500_040,9,SELF_DETECTED_REASONING_FLAW,Step 2,RECOVERED,1
nat_rec_00557,math500_040,12,SELF_DETECTED_REASONING_FLAW,Step 3,RECOVERED,1
nat_rec_00566,math500_041,5,SELF_DETECTED_REASONING_FLAW,Step 3,UNRECOVERED,0
nat_rec_00574,math500_041,13,ARITHMETIC_MISCALCULATION,Step 3,RECOVERED,1
nat_rec_00577,math500_042,0,SYMBOLIC_SUBSTITUTION_ERROR,Step 4,UNRECOVERED,0
nat_rec_00581,math500_042,4,SYMBOLIC_SUBSTITUTION_ERROR,Step 2,UNRECOVERED,0
nat_rec_00585,math500_042,8,ARITHMETIC_MISCALCULATION,Step 1,UNRECOVERED,0
nat_rec_00588,math500_042,11,SELF_DETECTED_REASONING_FLAW,Step 2,RECOVERED,1
nat_rec_00589,math500_042,12,ARITHMETIC_MISCALCULATION,Step 4,UNRECOVERED,0
nat_rec_00595,math500_043,2,SELF_DETECTED_REASONING_FLAW,Step 3,UNRECOVERED,0
nat_rec_00599,math500_043,6,SELF_DETECTED_REASONING_FLAW,Step 4,UNRECOVERED,0
nat_rec_00606,math500_043,13,SYMBOLIC_SUBSTITUTION_ERROR,Step 2,UNRECOVERED,0
nat_rec_00610,math500_044,1,ARITHMETIC_MISCALCULATION,Step 4,UNRECOVERED,0
nat_rec_00627,math500_045,2,SYMBOLIC_SUBSTITUTION_ERROR,Step 1,UNRECOVERED,0
nat_rec_00628,math500_045,3,SELF_DETECTED_REASONING_FLAW,Step 1,UNRECOVERED,0
nat_rec_00630,math500_045,5,ARITHMETIC_MISCALCULATION,Step 3,UNRECOVERED,0
nat_rec_00643,math500_046,2,ARITHMETIC_MISCALCULATION,Step 3,UNRECOVERED,0
nat_rec_00646,math500_046,5,SYMBOLIC_SUBSTITUTION_ERROR,Step 1,UNRECOVERED,0
nat_rec_00648,math500_046,7,ARITHMETIC_MISCALCULATION,Step 3,RECOVERED,1
nat_rec_00652,math500_046,11,SYMBOLIC_SUBSTITUTION_ERROR,Step 3,UNRECOVERED,0
nat_rec_00656,math500_046,15,ARITHMETIC_MISCALCULATION,Step 2,UNRECOVERED,0
nat_rec_00658,math500_047,1,SYMBOLIC_SUBSTITUTION_ERROR,Step 3,UNRECOVERED,0
nat_rec_00663,math500_047,6,ARITHMETIC_MISCALCULATION,Step 3,RECOVERED,1
nat_rec_00670,math500_047,13,ARITHMETIC_MISCALCULATION,Step 2,RECOVERED,1
nat_rec_00677,math500_048,4,SELF_DETECTED_REASONING_FLAW,Step 3,UNRECOVERED,0
nat_rec_00679,math500_048,6,SYMBOLIC_SUBSTITUTION_ERROR,Step 3,UNRECOVERED,0
nat_rec_00681,math500_048,8,SYMBOLIC_SUBSTITUTION_ERROR,Step 4,UNRECOVERED,0
nat_rec_00687,math500_048,14,ARITHMETIC_MISCALCULATION,Step 4,UNRECOVERED,0
nat_rec_00691,math500_049,2,SELF_DETECTED_REASONING_FLAW,Step 4,UNRECOVERED,0
nat_rec_00695,math500_049,6,ARITHMETIC_MISCALCULATION,Step 2,UNRECOVERED,0
nat_rec_00710,math500_050,5,SELF_DETECTED_REASONING_FLAW,Step 3,UNRECOVERED,0
nat_rec_00712,math500_050,7,ARITHMETIC_MISCALCULATION,Step 1,UNRECOVERED,0
nat_rec_00731,math500_051,10,ARITHMETIC_MISCALCULATION,Step 3,UNRECOVERED,0
nat_rec_00735,math500_051,14,SYMBOLIC_SUBSTITUTION_ERROR,Step 1,RECOVERED,1
nat_rec_00736,math500_051,15,SELF_DETECTED_REASONING_FLAW,Step 2,RECOVERED,1
nat_rec_00739,math500_052,2,SYMBOLIC_SUBSTITUTION_ERROR,Step 2,RECOVERED,1
nat_rec_00741,math500_052,4,SELF_DETECTED_REASONING_FLAW,Step 1,UNRECOVERED,0
nat_rec_00742,math500_052,5,SELF_DETECTED_REASONING_FLAW,Step 4,UNRECOVERED,0
nat_rec_00759,math500_055,6,SYMBOLIC_SUBSTITUTION_ERROR,Step 2,RECOVERED,1
nat_rec_00762,math500_055,9,SYMBOLIC_SUBSTITUTION_ERROR,Step 1,UNRECOVERED,0
nat_rec_00768,math500_055,15,SELF_DETECTED_REASONING_FLAW,Step 4,RECOVERED,1
nat_rec_00773,math500_056,4,SELF_DETECTED_REASONING_FLAW,Step 3,UNRECOVERED,0
nat_rec_00779,math500_056,10,SELF_DETECTED_REASONING_FLAW,Step 2,RECOVERED,1
nat_rec_00780,math500_056,11,SYMBOLIC_SUBSTITUTION_ERROR,Step 1,RECOVERED,1
nat_rec_00789,math500_057,4,SELF_DETECTED_REASONING_FLAW,Step 3,UNRECOVERED,0
nat_rec_00791,math500_057,6,ARITHMETIC_MISCALCULATION,Step 1,RECOVERED,1
nat_rec_00794,math500_057,9,SELF_DETECTED_REASONING_FLAW,Step 2,RECOVERED,1
nat_rec_00795,math500_057,10,SELF_DETECTED_REASONING_FLAW,Step 4,UNRECOVERED,0
nat_rec_00796,math500_057,11,SYMBOLIC_SUBSTITUTION_ERROR,Step 4,UNRECOVERED,0
nat_rec_00809,math500_058,8,ARITHMETIC_MISCALCULATION,Step 4,RECOVERED,1
nat_rec_00812,math500_058,11,SELF_DETECTED_REASONING_FLAW,Step 2,UNRECOVERED,0
nat_rec_00821,math500_059,4,ARITHMETIC_MISCALCULATION,Step 4,UNRECOVERED,0
nat_rec_00829,math500_059,12,SYMBOLIC_SUBSTITUTION_ERROR,Step 4,RECOVERED,1
nat_rec_00833,math500_060,0,SYMBOLIC_SUBSTITUTION_ERROR,Step 4,UNRECOVERED,0
nat_rec_00855,math500_061,6,ARITHMETIC_MISCALCULATION,Step 2,RECOVERED,1
nat_rec_00856,math500_061,7,SELF_DETECTED_REASONING_FLAW,Step 3,UNRECOVERED,0
nat_rec_00863,math500_061,14,SYMBOLIC_SUBSTITUTION_ERROR,Step 4,RECOVERED,1
nat_rec_00864,math500_061,15,SELF_DETECTED_REASONING_FLAW,Step 4,UNRECOVERED,0
nat_rec_00867,math500_062,2,SYMBOLIC_SUBSTITUTION_ERROR,Step 1,RECOVERED,1
nat_rec_00876,math500_062,11,SELF_DETECTED_REASONING_FLAW,Step 4,UNRECOVERED,0
nat_rec_00877,math500_062,12,SYMBOLIC_SUBSTITUTION_ERROR,Step 2,UNRECOVERED,0
nat_rec_00879,math500_062,14,SELF_DETECTED_REASONING_FLAW,Step 2,UNRECOVERED,0
nat_rec_00885,math500_063,4,SYMBOLIC_SUBSTITUTION_ERROR,Step 3,RECOVERED,1
nat_rec_00886,math500_063,5,SYMBOLIC_SUBSTITUTION_ERROR,Step 2,UNRECOVERED,0
nat_rec_00895,math500_063,14,ARITHMETIC_MISCALCULATION,Step 1,UNRECOVERED,0
nat_rec_00899,math500_064,2,SELF_DETECTED_REASONING_FLAW,Step 1,UNRECOVERED,0
nat_rec_00911,math500_064,14,SYMBOLIC_SUBSTITUTION_ERROR,Step 4,RECOVERED,1
nat_rec_00914,math500_065,1,SELF_DETECTED_REASONING_FLAW,Step 1,UNRECOVERED,0
nat_rec_00915,math500_065,2,SELF_DETECTED_REASONING_FLAW,Step 4,RECOVERED,1
nat_rec_00922,math500_065,9,ARITHMETIC_MISCALCULATION,Step 3,UNRECOVERED,0
nat_rec_00923,math500_065,10,ARITHMETIC_MISCALCULATION,Step 4,UNRECOVERED,0
nat_rec_00928,math500_065,15,SELF_DETECTED_REASONING_FLAW,Step 2,RECOVERED,1
nat_rec_00931,math500_066,2,SELF_DETECTED_REASONING_FLAW,Step 3,RECOVERED,1
nat_rec_00939,math500_066,10,SELF_DETECTED_REASONING_FLAW,Step 1,RECOVERED,1
nat_rec_00940,math500_066,11,ARITHMETIC_MISCALCULATION,Step 4,RECOVERED,1
nat_rec_00944,math500_066,15,SELF_DETECTED_REASONING_FLAW,Step 1,UNRECOVERED,0
nat_rec_00947,math500_067,2,ARITHMETIC_MISCALCULATION,Step 3,UNRECOVERED,0
nat_rec_00953,math500_067,8,SELF_DETECTED_REASONING_FLAW,Step 1,RECOVERED,1
nat_rec_00956,math500_067,11,SYMBOLIC_SUBSTITUTION_ERROR,Step 4,UNRECOVERED,0
nat_rec_00963,math500_068,2,ARITHMETIC_MISCALCULATION,Step 2,UNRECOVERED,0
nat_rec_00969,math500_068,8,ARITHMETIC_MISCALCULATION,Step 2,RECOVERED,1
nat_rec_00978,math500_069,1,SELF_DETECTED_REASONING_FLAW,Step 2,UNRECOVERED,0
nat_rec_00986,math500_069,9,SELF_DETECTED_REASONING_FLAW,Step 2,UNRECOVERED,0
nat_rec_00988,math500_069,11,ARITHMETIC_MISCALCULATION,Step 2,UNRECOVERED,0
nat_rec_00989,math500_069,12,SELF_DETECTED_REASONING_FLAW,Step 1,UNRECOVERED,0
nat_rec_00990,math500_069,13,ARITHMETIC_MISCALCULATION,Step 1,UNRECOVERED,0
nat_rec_00993,math500_070,0,SYMBOLIC_SUBSTITUTION_ERROR,Step 2,UNRECOVERED,0
nat_rec_01002,math500_070,9,ARITHMETIC_MISCALCULATION,Step 3,UNRECOVERED,0
nat_rec_01015,math500_071,6,SYMBOLIC_SUBSTITUTION_ERROR,Step 4,UNRECOVERED,0
nat_rec_01018,math500_071,9,SELF_DETECTED_REASONING_FLAW,Step 4,RECOVERED,1
nat_rec_01040,math500_072,15,SELF_DETECTED_REASONING_FLAW,Step 4,UNRECOVERED,0
nat_rec_01042,math500_073,1,SYMBOLIC_SUBSTITUTION_ERROR,Step 1,RECOVERED,1
nat_rec_01044,math500_073,3,ARITHMETIC_MISCALCULATION,Step 2,UNRECOVERED,0
nat_rec_01054,math500_073,13,SYMBOLIC_SUBSTITUTION_ERROR,Step 4,UNRECOVERED,0
nat_rec_01066,math500_074,9,SELF_DETECTED_REASONING_FLAW,Step 4,UNRECOVERED,0
nat_rec_01070,math500_074,13,SYMBOLIC_SUBSTITUTION_ERROR,Step 4,UNRECOVERED,0
nat_rec_01076,math500_075,3,ARITHMETIC_MISCALCULATION,Step 1,UNRECOVERED,0
nat_rec_01092,math500_076,3,SYMBOLIC_SUBSTITUTION_ERROR,Step 3,UNRECOVERED,0
nat_rec_01098,math500_076,9,ARITHMETIC_MISCALCULATION,Step 1,RECOVERED,1
nat_rec_01100,math500_076,11,SELF_DETECTED_REASONING_FLAW,Step 3,UNRECOVERED,0
nat_rec_01101,math500_076,12,ARITHMETIC_MISCALCULATION,Step 1,UNRECOVERED,0
nat_rec_01105,math500_077,0,SELF_DETECTED_REASONING_FLAW,Step 2,UNRECOVERED,0
nat_rec_01106,math500_077,1,SELF_DETECTED_REASONING_FLAW,Step 3,UNRECOVERED,0
nat_rec_01112,math500_077,7,SYMBOLIC_SUBSTITUTION_ERROR,Step 2,UNRECOVERED,0
nat_rec_01113,math500_077,8,SELF_DETECTED_REASONING_FLAW,Step 1,UNRECOVERED,0
nat_rec_01114,math500_077,9,SYMBOLIC_SUBSTITUTION_ERROR,Step 3,RECOVERED,1
nat_rec_01115,math500_077,10,SYMBOLIC_SUBSTITUTION_ERROR,Step 3,UNRECOVERED,0
nat_rec_01121,math500_078,0,SELF_DETECTED_REASONING_FLAW,Step 4,UNRECOVERED,0
nat_rec_01123,math500_078,2,SELF_DETECTED_REASONING_FLAW,Step 3,UNRECOVERED,0
nat_rec_01135,math500_078,14,SELF_DETECTED_REASONING_FLAW,Step 1,RECOVERED,1
nat_rec_01147,math500_079,10,SYMBOLIC_SUBSTITUTION_ERROR,Step 4,UNRECOVERED,0
nat_rec_01155,math500_081,2,ARITHMETIC_MISCALCULATION,Step 2,UNRECOVERED,0
nat_rec_01157,math500_081,4,ARITHMETIC_MISCALCULATION,Step 4,RECOVERED,1
nat_rec_01158,math500_081,5,ARITHMETIC_MISCALCULATION,Step 2,UNRECOVERED,0
nat_rec_01167,math500_081,14,SYMBOLIC_SUBSTITUTION_ERROR,Step 1,RECOVERED,1
nat_rec_01175,math500_083,6,SYMBOLIC_SUBSTITUTION_ERROR,Step 2,UNRECOVERED,0
nat_rec_01176,math500_083,7,SELF_DETECTED_REASONING_FLAW,Step 1,UNRECOVERED,0
nat_rec_01198,math500_084,13,SYMBOLIC_SUBSTITUTION_ERROR,Step 2,RECOVERED,1
nat_rec_01201,math500_085,0,SYMBOLIC_SUBSTITUTION_ERROR,Step 4,UNRECOVERED,0
nat_rec_01204,math500_085,3,SYMBOLIC_SUBSTITUTION_ERROR,Step 4,UNRECOVERED,0
nat_rec_01234,math500_088,1,ARITHMETIC_MISCALCULATION,Step 4,UNRECOVERED,0
nat_rec_01237,math500_088,4,SYMBOLIC_SUBSTITUTION_ERROR,Step 4,RECOVERED,1
nat_rec_01239,math500_088,6,SYMBOLIC_SUBSTITUTION_ERROR,Step 3,RECOVERED,1
nat_rec_01253,math500_089,4,ARITHMETIC_MISCALCULATION,Step 2,UNRECOVERED,0
nat_rec_01254,math500_089,5,SELF_DETECTED_REASONING_FLAW,Step 3,RECOVERED,1
nat_rec_01257,math500_089,8,SYMBOLIC_SUBSTITUTION_ERROR,Step 3,UNRECOVERED,0
nat_rec_01258,math500_089,9,ARITHMETIC_MISCALCULATION,Step 3,RECOVERED,1
nat_rec_01262,math500_089,13,SELF_DETECTED_REASONING_FLAW,Step 4,RECOVERED,1
nat_rec_01269,math500_090,4,ARITHMETIC_MISCALCULATION,Step 2,RECOVERED,1
nat_rec_01272,math500_090,7,SELF_DETECTED_REASONING_FLAW,Step 4,RECOVERED,1
nat_rec_01274,math500_090,9,SELF_DETECTED_REASONING_FLAW,Step 2,UNRECOVERED,0
nat_rec_01276,math500_090,11,SYMBOLIC_SUBSTITUTION_ERROR,Step 3,UNRECOVERED,0
nat_rec_01284,math500_092,3,SYMBOLIC_SUBSTITUTION_ERROR,Step 1,UNRECOVERED,0
nat_rec_01285,math500_092,4,ARITHMETIC_MISCALCULATION,Step 1,UNRECOVERED,0
nat_rec_01294,math500_092,13,SELF_DETECTED_REASONING_FLAW,Step 1,UNRECOVERED,0
nat_rec_01295,math500_092,14,SELF_DETECTED_REASONING_FLAW,Step 4,UNRECOVERED,0
nat_rec_01303,math500_093,6,ARITHMETIC_MISCALCULATION,Step 2,UNRECOVERED,0
nat_rec_01323,math500_094,10,ARITHMETIC_MISCALCULATION,Step 3,RECOVERED,1
nat_rec_01341,math500_095,12,SELF_DETECTED_REASONING_FLAW,Step 2,RECOVERED,1
nat_rec_01343,math500_095,14,SYMBOLIC_SUBSTITUTION_ERROR,Step 3,UNRECOVERED,0
nat_rec_01345,math500_096,0,ARITHMETIC_MISCALCULATION,Step 2,UNRECOVERED,0
nat_rec_01348,math500_096,3,SELF_DETECTED_REASONING_FLAW,Step 4,UNRECOVERED,0
nat_rec_01354,math500_096,9,SYMBOLIC_SUBSTITUTION_ERROR,Step 1,UNRECOVERED,0
nat_rec_01357,math500_096,12,ARITHMETIC_MISCALCULATION,Step 1,UNRECOVERED,0
nat_rec_01358,math500_096,13,SELF_DETECTED_REASONING_FLAW,Step 2,RECOVERED,1
nat_rec_01364,math500_097,3,SELF_DETECTED_REASONING_FLAW,Step 3,RECOVERED,1
nat_rec_01370,math500_097,9,SYMBOLIC_SUBSTITUTION_ERROR,Step 3,RECOVERED,1
nat_rec_01376,math500_097,15,SYMBOLIC_SUBSTITUTION_ERROR,Step 2,UNRECOVERED,0
nat_rec_01377,math500_098,0,SELF_DETECTED_REASONING_FLAW,Step 4,UNRECOVERED,0
nat_rec_01398,math500_099,5,ARITHMETIC_MISCALCULATION,Step 4,UNRECOVERED,0
nat_rec_01402,math500_099,9,ARITHMETIC_MISCALCULATION,Step 2,RECOVERED,1
nat_rec_01441,math500_102,0,ARITHMETIC_MISCALCULATION,Step 4,UNRECOVERED,0
nat_rec_01469,math500_103,12,SYMBOLIC_SUBSTITUTION_ERROR,Step 2,UNRECOVERED,0
nat_rec_01483,math500_104,10,ARITHMETIC_MISCALCULATION,Step 1,UNRECOVERED,0
nat_rec_01484,math500_104,11,SELF_DETECTED_REASONING_FLAW,Step 2,RECOVERED,1
nat_rec_01490,math500_105,1,ARITHMETIC_MISCALCULATION,Step 3,UNRECOVERED,0
nat_rec_01492,math500_105,3,SELF_DETECTED_REASONING_FLAW,Step 2,UNRECOVERED,0
nat_rec_01494,math500_105,5,SYMBOLIC_SUBSTITUTION_ERROR,Step 2,UNRECOVERED,0
nat_rec_01502,math500_105,13,SYMBOLIC_SUBSTITUTION_ERROR,Step 3,RECOVERED,1
nat_rec_01503,math500_105,14,SYMBOLIC_SUBSTITUTION_ERROR,Step 4,UNRECOVERED,0
nat_rec_01515,math500_106,10,ARITHMETIC_MISCALCULATION,Step 3,RECOVERED,1
nat_rec_01517,math500_106,12,ARITHMETIC_MISCALCULATION,Step 4,UNRECOVERED,0
nat_rec_01523,math500_107,2,SELF_DETECTED_REASONING_FLAW,Step 2,UNRECOVERED,0
nat_rec_01540,math500_108,3,ARITHMETIC_MISCALCULATION,Step 2,UNRECOVERED,0
nat_rec_01543,math500_108,6,SYMBOLIC_SUBSTITUTION_ERROR,Step 4,UNRECOVERED,0
nat_rec_01549,math500_108,12,ARITHMETIC_MISCALCULATION,Step 4,RECOVERED,1
nat_rec_01550,math500_108,13,SELF_DETECTED_REASONING_FLAW,Step 2,UNRECOVERED,0
nat_rec_01557,math500_109,4,SELF_DETECTED_REASONING_FLAW,Step 3,UNRECOVERED,0
nat_rec_01559,math500_109,6,SYMBOLIC_SUBSTITUTION_ERROR,Step 1,UNRECOVERED,0
nat_rec_01564,math500_109,11,SYMBOLIC_SUBSTITUTION_ERROR,Step 1,UNRECOVERED,0
nat_rec_01576,math500_111,7,ARITHMETIC_MISCALCULATION,Step 1,UNRECOVERED,0
nat_rec_01587,math500_112,2,SYMBOLIC_SUBSTITUTION_ERROR,Step 2,UNRECOVERED,0
nat_rec_01591,math500_112,6,SELF_DETECTED_REASONING_FLAW,Step 3,UNRECOVERED,0
nat_rec_01594,math500_112,9,ARITHMETIC_MISCALCULATION,Step 1,RECOVERED,1
nat_rec_01600,math500_112,15,ARITHMETIC_MISCALCULATION,Step 2,UNRECOVERED,0
nat_rec_01602,math500_113,1,SYMBOLIC_SUBSTITUTION_ERROR,Step 4,UNRECOVERED,0
nat_rec_01603,math500_113,2,SYMBOLIC_SUBSTITUTION_ERROR,Step 2,RECOVERED,1
nat_rec_01604,math500_113,3,SYMBOLIC_SUBSTITUTION_ERROR,Step 2,UNRECOVERED,0
nat_rec_01609,math500_113,8,SELF_DETECTED_REASONING_FLAW,Step 2,UNRECOVERED,0
nat_rec_01617,math500_114,0,SELF_DETECTED_REASONING_FLAW,Step 3,UNRECOVERED,0
nat_rec_01629,math500_114,12,SELF_DETECTED_REASONING_FLAW,Step 3,UNRECOVERED,0
nat_rec_01646,math500_116,13,SYMBOLIC_SUBSTITUTION_ERROR,Step 4,UNRECOVERED,0
nat_rec_01648,math500_116,15,ARITHMETIC_MISCALCULATION,Step 1,UNRECOVERED,0
nat_rec_01649,math500_117,0,ARITHMETIC_MISCALCULATION,Step 3,UNRECOVERED,0
nat_rec_01650,math500_117,1,SELF_DETECTED_REASONING_FLAW,Step 2,RECOVERED,1
nat_rec_01659,math500_117,10,ARITHMETIC_MISCALCULATION,Step 4,UNRECOVERED,0
nat_rec_01660,math500_117,11,ARITHMETIC_MISCALCULATION,Step 2,UNRECOVERED,0
nat_rec_01667,math500_118,2,SELF_DETECTED_REASONING_FLAW,Step 3,RECOVERED,1
nat_rec_01679,math500_118,14,SELF_DETECTED_REASONING_FLAW,Step 3,RECOVERED,1
nat_rec_01681,math500_119,0,SYMBOLIC_SUBSTITUTION_ERROR,Step 4,RECOVERED,1
nat_rec_01687,math500_119,6,SYMBOLIC_SUBSTITUTION_ERROR,Step 4,UNRECOVERED,0
nat_rec_01688,math500_119,7,SYMBOLIC_SUBSTITUTION_ERROR,Step 2,UNRECOVERED,0
nat_rec_01695,math500_119,14,ARITHMETIC_MISCALCULATION,Step 1,UNRECOVERED,0
nat_rec_01703,math500_120,6,SYMBOLIC_SUBSTITUTION_ERROR,Step 1,UNRECOVERED,0
nat_rec_01737,math500_124,8,ARITHMETIC_MISCALCULATION,Step 2,UNRECOVERED,0
nat_rec_01745,math500_125,0,SELF_DETECTED_REASONING_FLAW,Step 3,RECOVERED,1
nat_rec_01746,math500_125,1,ARITHMETIC_MISCALCULATION,Step 1,UNRECOVERED,0
nat_rec_01753,math500_125,8,SELF_DETECTED_REASONING_FLAW,Step 1,UNRECOVERED,0
nat_rec_01755,math500_125,10,ARITHMETIC_MISCALCULATION,Step 3,RECOVERED,1
nat_rec_01757,math500_125,12,SYMBOLIC_SUBSTITUTION_ERROR,Step 4,UNRECOVERED,0
nat_rec_01772,math500_126,11,SYMBOLIC_SUBSTITUTION_ERROR,Step 1,UNRECOVERED,0
nat_rec_01783,math500_127,6,SELF_DETECTED_REASONING_FLAW,Step 3,UNRECOVERED,0
nat_rec_01786,math500_127,9,ARITHMETIC_MISCALCULATION,Step 4,RECOVERED,1
nat_rec_01793,math500_128,0,SYMBOLIC_SUBSTITUTION_ERROR,Step 3,RECOVERED,1
nat_rec_01794,math500_128,1,ARITHMETIC_MISCALCULATION,Step 1,UNRECOVERED,0
nat_rec_01800,math500_128,7,ARITHMETIC_MISCALCULATION,Step 4,UNRECOVERED,0
nat_rec_01811,math500_129,2,ARITHMETIC_MISCALCULATION,Step 1,RECOVERED,1
nat_rec_01812,math500_129,3,SYMBOLIC_SUBSTITUTION_ERROR,Step 2,RECOVERED,1
nat_rec_01813,math500_129,4,SYMBOLIC_SUBSTITUTION_ERROR,Step 2,RECOVERED,1
nat_rec_01837,math500_130,12,SYMBOLIC_SUBSTITUTION_ERROR,Step 2,UNRECOVERED,0
nat_rec_01839,math500_130,14,SYMBOLIC_SUBSTITUTION_ERROR,Step 2,UNRECOVERED,0
nat_rec_01844,math500_131,3,SELF_DETECTED_REASONING_FLAW,Step 3,RECOVERED,1
nat_rec_01848,math500_131,7,SYMBOLIC_SUBSTITUTION_ERROR,Step 3,UNRECOVERED,0
nat_rec_01851,math500_131,10,SELF_DETECTED_REASONING_FLAW,Step 2,UNRECOVERED,0
nat_rec_01858,math500_132,1,SELF_DETECTED_REASONING_FLAW,Step 1,UNRECOVERED,0
nat_rec_01863,math500_132,6,SELF_DETECTED_REASONING_FLAW,Step 4,UNRECOVERED,0
nat_rec_01866,math500_132,9,SYMBOLIC_SUBSTITUTION_ERROR,Step 4,UNRECOVERED,0
nat_rec_01883,math500_133,10,SELF_DETECTED_REASONING_FLAW,Step 3,UNRECOVERED,0
nat_rec_01884,math500_133,11,SELF_DETECTED_REASONING_FLAW,Step 1,UNRECOVERED,0
nat_rec_01885,math500_133,12,SYMBOLIC_SUBSTITUTION_ERROR,Step 1,RECOVERED,1
nat_rec_01889,math500_134,0,SELF_DETECTED_REASONING_FLAW,Step 3,UNRECOVERED,0
nat_rec_01890,math500_134,1,SYMBOLIC_SUBSTITUTION_ERROR,Step 2,UNRECOVERED,0
nat_rec_01892,math500_134,3,SELF_DETECTED_REASONING_FLAW,Step 3,UNRECOVERED,0
nat_rec_01893,math500_134,4,SYMBOLIC_SUBSTITUTION_ERROR,Step 1,UNRECOVERED,0
nat_rec_01895,math500_134,6,ARITHMETIC_MISCALCULATION,Step 3,RECOVERED,1
nat_rec_01897,math500_134,8,SELF_DETECTED_REASONING_FLAW,Step 2,UNRECOVERED,0
nat_rec_01915,math500_135,10,ARITHMETIC_MISCALCULATION,Step 3,UNRECOVERED,0
nat_rec_01916,math500_135,11,ARITHMETIC_MISCALCULATION,Step 3,UNRECOVERED,0
nat_rec_01919,math500_135,14,ARITHMETIC_MISCALCULATION,Step 3,RECOVERED,1
nat_rec_01925,math500_136,4,ARITHMETIC_MISCALCULATION,Step 4,UNRECOVERED,0
nat_rec_01937,math500_137,0,ARITHMETIC_MISCALCULATION,Step 3,RECOVERED,1
nat_rec_01941,math500_137,4,ARITHMETIC_MISCALCULATION,Step 1,RECOVERED,1
nat_rec_01944,math500_137,7,ARITHMETIC_MISCALCULATION,Step 4,UNRECOVERED,0
nat_rec_01946,math500_137,9,SELF_DETECTED_REASONING_FLAW,Step 1,RECOVERED,1
nat_rec_01950,math500_137,13,SYMBOLIC_SUBSTITUTION_ERROR,Step 2,RECOVERED,1
nat_rec_01953,math500_138,0,SYMBOLIC_SUBSTITUTION_ERROR,Step 2,UNRECOVERED,0
nat_rec_01954,math500_138,1,SYMBOLIC_SUBSTITUTION_ERROR,Step 2,RECOVERED,1
nat_rec_01962,math500_138,9,ARITHMETIC_MISCALCULATION,Step 3,UNRECOVERED,0
nat_rec_01973,math500_139,4,SELF_DETECTED_REASONING_FLAW,Step 3,UNRECOVERED,0
nat_rec_01975,math500_139,6,ARITHMETIC_MISCALCULATION,Step 3,RECOVERED,1
nat_rec_01984,math500_139,15,SELF_DETECTED_REASONING_FLAW,Step 3,UNRECOVERED,0
nat_rec_02001,math500_141,0,SYMBOLIC_SUBSTITUTION_ERROR,Step 4,RECOVERED,1
nat_rec_02004,math500_141,3,SELF_DETECTED_REASONING_FLAW,Step 4,RECOVERED,1
nat_rec_02008,math500_141,7,SELF_DETECTED_REASONING_FLAW,Step 3,UNRECOVERED,0
nat_rec_02027,math500_142,10,ARITHMETIC_MISCALCULATION,Step 2,RECOVERED,1
nat_rec_02030,math500_142,13,SYMBOLIC_SUBSTITUTION_ERROR,Step 3,UNRECOVERED,0
nat_rec_02036,math500_143,3,ARITHMETIC_MISCALCULATION,Step 2,UNRECOVERED,0
nat_rec_02043,math500_143,10,ARITHMETIC_MISCALCULATION,Step 4,UNRECOVERED,0
nat_rec_02056,math500_144,7,SYMBOLIC_SUBSTITUTION_ERROR,Step 3,UNRECOVERED,0
nat_rec_02060,math500_144,11,SYMBOLIC_SUBSTITUTION_ERROR,Step 2,RECOVERED,1
nat_rec_02062,math500_144,13,SELF_DETECTED_REASONING_FLAW,Step 3,UNRECOVERED,0
nat_rec_02064,math500_144,15,ARITHMETIC_MISCALCULATION,Step 3,UNRECOVERED,0
nat_rec_02065,math500_145,0,SELF_DETECTED_REASONING_FLAW,Step 1,UNRECOVERED,0
nat_rec_02066,math500_145,1,SYMBOLIC_SUBSTITUTION_ERROR,Step 1,RECOVERED,1
nat_rec_02076,math500_145,11,SELF_DETECTED_REASONING_FLAW,Step 1,UNRECOVERED,0
nat_rec_02099,math500_147,2,SYMBOLIC_SUBSTITUTION_ERROR,Step 2,UNRECOVERED,0
nat_rec_02104,math500_147,7,SYMBOLIC_SUBSTITUTION_ERROR,Step 2,RECOVERED,1
nat_rec_02111,math500_147,14,SYMBOLIC_SUBSTITUTION_ERROR,Step 1,UNRECOVERED,0
nat_rec_02120,math500_148,7,SELF_DETECTED_REASONING_FLAW,Step 2,UNRECOVERED,0
nat_rec_02122,math500_148,9,ARITHMETIC_MISCALCULATION,Step 3,UNRECOVERED,0
nat_rec_02123,math500_148,10,SYMBOLIC_SUBSTITUTION_ERROR,Step 4,UNRECOVERED,0
nat_rec_02129,math500_149,0,SELF_DETECTED_REASONING_FLAW,Step 4,UNRECOVERED,0
nat_rec_02135,math500_149,6,SYMBOLIC_SUBSTITUTION_ERROR,Step 3,RECOVERED,1
nat_rec_02148,math500_150,3,SELF_DETECTED_REASONING_FLAW,Step 4,RECOVERED,1
nat_rec_02152,math500_150,7,SELF_DETECTED_REASONING_FLAW,Step 4,UNRECOVERED,0
nat_rec_02172,math500_151,11,ARITHMETIC_MISCALCULATION,Step 2,RECOVERED,1
nat_rec_02173,math500_151,12,ARITHMETIC_MISCALCULATION,Step 1,UNRECOVERED,0
nat_rec_02184,math500_152,7,SELF_DETECTED_REASONING_FLAW,Step 1,RECOVERED,1
nat_rec_02189,math500_152,12,SELF_DETECTED_REASONING_FLAW,Step 2,UNRECOVERED,0
nat_rec_02190,math500_152,13,SELF_DETECTED_REASONING_FLAW,Step 1,UNRECOVERED,0
nat_rec_02193,math500_153,0,SYMBOLIC_SUBSTITUTION_ERROR,Step 2,RECOVERED,1
nat_rec_02200,math500_153,7,SYMBOLIC_SUBSTITUTION_ERROR,Step 1,UNRECOVERED,0
nat_rec_02202,math500_153,9,ARITHMETIC_MISCALCULATION,Step 4,UNRECOVERED,0
nat_rec_02206,math500_153,13,ARITHMETIC_MISCALCULATION,Step 4,RECOVERED,1
nat_rec_02211,math500_154,2,SYMBOLIC_SUBSTITUTION_ERROR,Step 4,UNRECOVERED,0
nat_rec_02212,math500_154,3,SELF_DETECTED_REASONING_FLAW,Step 1,UNRECOVERED,0
nat_rec_02216,math500_154,7,SELF_DETECTED_REASONING_FLAW,Step 4,UNRECOVERED,0
nat_rec_02224,math500_154,15,ARITHMETIC_MISCALCULATION,Step 1,UNRECOVERED,0
nat_rec_02225,math500_156,0,SELF_DETECTED_REASONING_FLAW,Step 2,UNRECOVERED,0
nat_rec_02231,math500_156,6,ARITHMETIC_MISCALCULATION,Step 4,RECOVERED,1
nat_rec_02235,math500_156,10,ARITHMETIC_MISCALCULATION,Step 4,UNRECOVERED,0
nat_rec_02237,math500_156,12,ARITHMETIC_MISCALCULATION,Step 2,RECOVERED,1
nat_rec_02238,math500_156,13,SELF_DETECTED_REASONING_FLAW,Step 1,RECOVERED,1
nat_rec_02240,math500_156,15,ARITHMETIC_MISCALCULATION,Step 1,UNRECOVERED,0
nat_rec_02248,math500_157,7,ARITHMETIC_MISCALCULATION,Step 1,UNRECOVERED,0
nat_rec_02250,math500_157,9,ARITHMETIC_MISCALCULATION,Step 3,UNRECOVERED,0
nat_rec_02267,math500_158,10,SELF_DETECTED_REASONING_FLAW,Step 3,RECOVERED,1
nat_rec_02269,math500_158,12,ARITHMETIC_MISCALCULATION,Step 4,RECOVERED,1
nat_rec_02270,math500_158,13,SYMBOLIC_SUBSTITUTION_ERROR,Step 4,RECOVERED,1
nat_rec_02276,math500_159,3,SYMBOLIC_SUBSTITUTION_ERROR,Step 3,UNRECOVERED,0
nat_rec_02277,math500_159,4,SYMBOLIC_SUBSTITUTION_ERROR,Step 3,UNRECOVERED,0
nat_rec_02296,math500_160,7,SYMBOLIC_SUBSTITUTION_ERROR,Step 2,UNRECOVERED,0
nat_rec_02303,math500_160,14,ARITHMETIC_MISCALCULATION,Step 1,RECOVERED,1
nat_rec_02304,math500_160,15,SELF_DETECTED_REASONING_FLAW,Step 1,UNRECOVERED,0
nat_rec_02305,math500_161,0,SELF_DETECTED_REASONING_FLAW,Step 1,UNRECOVERED,0
nat_rec_02324,math500_162,3,SYMBOLIC_SUBSTITUTION_ERROR,Step 3,UNRECOVERED,0
nat_rec_02329,math500_162,8,ARITHMETIC_MISCALCULATION,Step 4,UNRECOVERED,0
nat_rec_02335,math500_162,14,ARITHMETIC_MISCALCULATION,Step 1,RECOVERED,1
nat_rec_02346,math500_163,9,SELF_DETECTED_REASONING_FLAW,Step 1,RECOVERED,1
nat_rec_02350,math500_163,13,SELF_DETECTED_REASONING_FLAW,Step 3,UNRECOVERED,0
nat_rec_02351,math500_163,14,SYMBOLIC_SUBSTITUTION_ERROR,Step 2,UNRECOVERED,0
nat_rec_02352,math500_163,15,SYMBOLIC_SUBSTITUTION_ERROR,Step 3,UNRECOVERED,0
nat_rec_02358,math500_164,5,SYMBOLIC_SUBSTITUTION_ERROR,Step 2,RECOVERED,1
nat_rec_02364,math500_164,11,ARITHMETIC_MISCALCULATION,Step 4,RECOVERED,1
nat_rec_02377,math500_165,8,SYMBOLIC_SUBSTITUTION_ERROR,Step 2,RECOVERED,1
nat_rec_02379,math500_165,10,ARITHMETIC_MISCALCULATION,Step 2,RECOVERED,1
nat_rec_02380,math500_165,11,SELF_DETECTED_REASONING_FLAW,Step 2,RECOVERED,1
nat_rec_02383,math500_165,14,SYMBOLIC_SUBSTITUTION_ERROR,Step 3,UNRECOVERED,0
nat_rec_02386,math500_167,1,SELF_DETECTED_REASONING_FLAW,Step 1,RECOVERED,1
nat_rec_02393,math500_167,8,SYMBOLIC_SUBSTITUTION_ERROR,Step 2,UNRECOVERED,0
nat_rec_02396,math500_167,11,ARITHMETIC_MISCALCULATION,Step 4,UNRECOVERED,0
nat_rec_02397,math500_167,12,SELF_DETECTED_REASONING_FLAW,Step 3,UNRECOVERED,0
nat_rec_02400,math500_167,15,SELF_DETECTED_REASONING_FLAW,Step 3,UNRECOVERED,0
nat_rec_02414,math500_168,13,SELF_DETECTED_REASONING_FLAW,Step 1,UNRECOVERED,0
nat_rec_02420,math500_169,3,SYMBOLIC_SUBSTITUTION_ERROR,Step 4,UNRECOVERED,0
nat_rec_02427,math500_169,10,ARITHMETIC_MISCALCULATION,Step 2,UNRECOVERED,0
nat_rec_02434,math500_170,1,SYMBOLIC_SUBSTITUTION_ERROR,Step 3,UNRECOVERED,0
nat_rec_02436,math500_170,3,ARITHMETIC_MISCALCULATION,Step 4,UNRECOVERED,0
nat_rec_02441,math500_170,8,SYMBOLIC_SUBSTITUTION_ERROR,Step 4,UNRECOVERED,0
nat_rec_02443,math500_170,10,ARITHMETIC_MISCALCULATION,Step 3,UNRECOVERED,0
nat_rec_02445,math500_170,12,SYMBOLIC_SUBSTITUTION_ERROR,Step 4,RECOVERED,1
nat_rec_02459,math500_171,10,ARITHMETIC_MISCALCULATION,Step 4,UNRECOVERED,0
nat_rec_02461,math500_171,12,SELF_DETECTED_REASONING_FLAW,Step 2,UNRECOVERED,0
nat_rec_02462,math500_171,13,SELF_DETECTED_REASONING_FLAW,Step 1,UNRECOVERED,0
nat_rec_02476,math500_172,11,SYMBOLIC_SUBSTITUTION_ERROR,Step 1,UNRECOVERED,0
nat_rec_02480,math500_172,15,SYMBOLIC_SUBSTITUTION_ERROR,Step 1,UNRECOVERED,0
nat_rec_02482,math500_173,1,ARITHMETIC_MISCALCULATION,Step 4,UNRECOVERED,0
nat_rec_02483,math500_173,2,ARITHMETIC_MISCALCULATION,Step 2,UNRECOVERED,0
nat_rec_02490,math500_173,9,ARITHMETIC_MISCALCULATION,Step 2,RECOVERED,1
nat_rec_02492,math500_173,11,SELF_DETECTED_REASONING_FLAW,Step 2,UNRECOVERED,0
nat_rec_02493,math500_173,12,ARITHMETIC_MISCALCULATION,Step 1,UNRECOVERED,0
nat_rec_02496,math500_173,15,ARITHMETIC_MISCALCULATION,Step 4,RECOVERED,1
nat_rec_02502,math500_175,5,SELF_DETECTED_REASONING_FLAW,Step 2,UNRECOVERED,0
nat_rec_02506,math500_175,9,ARITHMETIC_MISCALCULATION,Step 4,UNRECOVERED,0
nat_rec_02516,math500_176,3,ARITHMETIC_MISCALCULATION,Step 4,UNRECOVERED,0
nat_rec_02527,math500_176,14,ARITHMETIC_MISCALCULATION,Step 1,UNRECOVERED,0
nat_rec_02536,math500_177,7,ARITHMETIC_MISCALCULATION,Step 1,UNRECOVERED,0
nat_rec_02537,math500_177,8,SYMBOLIC_SUBSTITUTION_ERROR,Step 3,UNRECOVERED,0
nat_rec_02542,math500_177,13,SYMBOLIC_SUBSTITUTION_ERROR,Step 2,UNRECOVERED,0
nat_rec_02546,math500_178,1,SELF_DETECTED_REASONING_FLAW,Step 1,UNRECOVERED,0
nat_rec_02549,math500_178,4,SELF_DETECTED_REASONING_FLAW,Step 4,UNRECOVERED,0
nat_rec_02552,math500_178,7,SELF_DETECTED_REASONING_FLAW,Step 2,UNRECOVERED,0
nat_rec_02556,math500_178,11,SYMBOLIC_SUBSTITUTION_ERROR,Step 3,UNRECOVERED,0
nat_rec_02557,math500_178,12,SYMBOLIC_SUBSTITUTION_ERROR,Step 2,UNRECOVERED,0
nat_rec_02561,math500_179,0,SYMBOLIC_SUBSTITUTION_ERROR,Step 1,RECOVERED,1
nat_rec_02568,math500_179,7,SELF_DETECTED_REASONING_FLAW,Step 2,UNRECOVERED,0
nat_rec_02585,math500_180,8,SYMBOLIC_SUBSTITUTION_ERROR,Step 4,UNRECOVERED,0
nat_rec_02587,math500_180,10,ARITHMETIC_MISCALCULATION,Step 4,UNRECOVERED,0
nat_rec_02600,math500_181,7,ARITHMETIC_MISCALCULATION,Step 1,UNRECOVERED,0
nat_rec_02604,math500_181,11,SYMBOLIC_SUBSTITUTION_ERROR,Step 4,RECOVERED,1
nat_rec_02606,math500_181,13,SYMBOLIC_SUBSTITUTION_ERROR,Step 3,UNRECOVERED,0
nat_rec_02607,math500_181,14,SYMBOLIC_SUBSTITUTION_ERROR,Step 3,UNRECOVERED,0
nat_rec_02622,math500_182,13,SELF_DETECTED_REASONING_FLAW,Step 1,UNRECOVERED,0
nat_rec_02624,math500_182,15,SELF_DETECTED_REASONING_FLAW,Step 2,UNRECOVERED,0
nat_rec_02627,math500_184,2,ARITHMETIC_MISCALCULATION,Step 3,UNRECOVERED,0
nat_rec_02636,math500_184,11,ARITHMETIC_MISCALCULATION,Step 1,UNRECOVERED,0
nat_rec_02662,math500_186,5,SYMBOLIC_SUBSTITUTION_ERROR,Step 3,UNRECOVERED,0
nat_rec_02669,math500_186,12,SYMBOLIC_SUBSTITUTION_ERROR,Step 4,UNRECOVERED,0
nat_rec_02672,math500_186,15,ARITHMETIC_MISCALCULATION,Step 2,UNRECOVERED,0
nat_rec_02676,math500_187,3,SELF_DETECTED_REASONING_FLAW,Step 1,UNRECOVERED,0
nat_rec_02681,math500_187,8,ARITHMETIC_MISCALCULATION,Step 1,UNRECOVERED,0
nat_rec_02682,math500_187,9,ARITHMETIC_MISCALCULATION,Step 3,UNRECOVERED,0
nat_rec_02700,math500_188,11,SELF_DETECTED_REASONING_FLAW,Step 1,UNRECOVERED,0
nat_rec_02710,math500_189,5,SELF_DETECTED_REASONING_FLAW,Step 2,UNRECOVERED,0
nat_rec_02711,math500_189,6,SYMBOLIC_SUBSTITUTION_ERROR,Step 3,RECOVERED,1
nat_rec_02713,math500_189,8,SYMBOLIC_SUBSTITUTION_ERROR,Step 4,UNRECOVERED,0
nat_rec_02714,math500_189,9,ARITHMETIC_MISCALCULATION,Step 4,UNRECOVERED,0
nat_rec_02716,math500_189,11,SYMBOLIC_SUBSTITUTION_ERROR,Step 2,RECOVERED,1
nat_rec_02726,math500_190,5,SYMBOLIC_SUBSTITUTION_ERROR,Step 1,UNRECOVERED,0
nat_rec_02728,math500_190,7,SYMBOLIC_SUBSTITUTION_ERROR,Step 4,UNRECOVERED,0
nat_rec_02729,math500_190,8,SYMBOLIC_SUBSTITUTION_ERROR,Step 4,UNRECOVERED,0
nat_rec_02737,math500_191,0,SELF_DETECTED_REASONING_FLAW,Step 3,RECOVERED,1
nat_rec_02743,math500_191,6,SYMBOLIC_SUBSTITUTION_ERROR,Step 2,RECOVERED,1
nat_rec_02744,math500_191,7,ARITHMETIC_MISCALCULATION,Step 1,UNRECOVERED,0
nat_rec_02745,math500_191,8,ARITHMETIC_MISCALCULATION,Step 4,UNRECOVERED,0
nat_rec_02756,math500_192,3,SYMBOLIC_SUBSTITUTION_ERROR,Step 4,UNRECOVERED,0
nat_rec_02757,math500_192,4,ARITHMETIC_MISCALCULATION,Step 4,RECOVERED,1
nat_rec_02762,math500_192,9,SELF_DETECTED_REASONING_FLAW,Step 2,RECOVERED,1
nat_rec_02774,math500_194,5,SELF_DETECTED_REASONING_FLAW,Step 2,UNRECOVERED,0
nat_rec_02776,math500_194,7,SELF_DETECTED_REASONING_FLAW,Step 1,UNRECOVERED,0
nat_rec_02778,math500_194,9,SYMBOLIC_SUBSTITUTION_ERROR,Step 3,UNRECOVERED,0
nat_rec_02780,math500_194,11,ARITHMETIC_MISCALCULATION,Step 3,UNRECOVERED,0
nat_rec_02785,math500_195,0,SELF_DETECTED_REASONING_FLAW,Step 3,UNRECOVERED,0
nat_rec_02789,math500_195,4,SELF_DETECTED_REASONING_FLAW,Step 4,RECOVERED,1
nat_rec_02790,math500_195,5,SYMBOLIC_SUBSTITUTION_ERROR,Step 4,UNRECOVERED,0
nat_rec_02809,math500_197,8,ARITHMETIC_MISCALCULATION,Step 1,UNRECOVERED,0
nat_rec_02811,math500_197,10,SYMBOLIC_SUBSTITUTION_ERROR,Step 4,UNRECOVERED,0
nat_rec_02812,math500_197,11,SYMBOLIC_SUBSTITUTION_ERROR,Step 2,RECOVERED,1
nat_rec_02813,math500_197,12,ARITHMETIC_MISCALCULATION,Step 4,RECOVERED,1
nat_rec_02814,math500_197,13,SYMBOLIC_SUBSTITUTION_ERROR,Step 1,RECOVERED,1
nat_rec_02815,math500_197,14,SELF_DETECTED_REASONING_FLAW,Step 4,UNRECOVERED,0
nat_rec_02818,math500_198,1,SELF_DETECTED_REASONING_FLAW,Step 3,RECOVERED,1
nat_rec_02819,math500_198,2,SELF_DETECTED_REASONING_FLAW,Step 1,UNRECOVERED,0
nat_rec_02820,math500_198,3,ARITHMETIC_MISCALCULATION,Step 4,UNRECOVERED,0
nat_rec_02825,math500_198,8,SELF_DETECTED_REASONING_FLAW,Step 1,RECOVERED,1
nat_rec_02829,math500_198,12,SYMBOLIC_SUBSTITUTION_ERROR,Step 1,RECOVERED,1
nat_rec_02835,math500_199,2,SYMBOLIC_SUBSTITUTION_ERROR,Step 1,UNRECOVERED,0
nat_rec_02838,math500_199,5,ARITHMETIC_MISCALCULATION,Step 3,UNRECOVERED,0
nat_rec_02839,math500_199,6,SELF_DETECTED_REASONING_FLAW,Step 1,UNRECOVERED,0
nat_rec_02840,math500_199,7,SELF_DETECTED_REASONING_FLAW,Step 1,UNRECOVERED,0
nat_rec_02851,math500_200,2,SELF_DETECTED_REASONING_FLAW,Step 1,RECOVERED,1
nat_rec_02858,math500_200,9,SYMBOLIC_SUBSTITUTION_ERROR,Step 3,RECOVERED,1
nat_rec_02859,math500_200,10,ARITHMETIC_MISCALCULATION,Step 3,RECOVERED,1
nat_rec_02876,math500_201,11,ARITHMETIC_MISCALCULATION,Step 2,UNRECOVERED,0
nat_rec_02877,math500_201,12,SYMBOLIC_SUBSTITUTION_ERROR,Step 2,UNRECOVERED,0
nat_rec_02878,math500_201,13,SELF_DETECTED_REASONING_FLAW,Step 3,UNRECOVERED,0
nat_rec_02884,math500_202,3,SYMBOLIC_SUBSTITUTION_ERROR,Step 3,UNRECOVERED,0
nat_rec_02886,math500_202,5,SELF_DETECTED_REASONING_FLAW,Step 2,UNRECOVERED,0
nat_rec_02887,math500_202,6,SYMBOLIC_SUBSTITUTION_ERROR,Step 1,UNRECOVERED,0
nat_rec_02891,math500_202,10,ARITHMETIC_MISCALCULATION,Step 3,UNRECOVERED,0
nat_rec_02896,math500_202,15,SYMBOLIC_SUBSTITUTION_ERROR,Step 3,UNRECOVERED,0
nat_rec_02902,math500_203,5,SYMBOLIC_SUBSTITUTION_ERROR,Step 2,RECOVERED,1
nat_rec_02906,math500_203,9,SYMBOLIC_SUBSTITUTION_ERROR,Step 2,RECOVERED,1
nat_rec_02907,math500_203,10,SYMBOLIC_SUBSTITUTION_ERROR,Step 2,UNRECOVERED,0
nat_rec_02926,math500_204,13,SELF_DETECTED_REASONING_FLAW,Step 4,RECOVERED,1
nat_rec_02937,math500_205,8,SELF_DETECTED_REASONING_FLAW,Step 4,UNRECOVERED,0
nat_rec_02942,math500_205,13,ARITHMETIC_MISCALCULATION,Step 2,UNRECOVERED,0
nat_rec_02950,math500_206,5,SYMBOLIC_SUBSTITUTION_ERROR,Step 1,RECOVERED,1
nat_rec_02956,math500_206,11,SYMBOLIC_SUBSTITUTION_ERROR,Step 3,UNRECOVERED,0
nat_rec_02965,math500_207,4,ARITHMETIC_MISCALCULATION,Step 2,UNRECOVERED,0
nat_rec_02978,math500_208,1,ARITHMETIC_MISCALCULATION,Step 2,UNRECOVERED,0
nat_rec_02982,math500_208,5,ARITHMETIC_MISCALCULATION,Step 3,UNRECOVERED,0
nat_rec_02984,math500_208,7,ARITHMETIC_MISCALCULATION,Step 3,UNRECOVERED,0
nat_rec_02985,math500_208,8,ARITHMETIC_MISCALCULATION,Step 4,RECOVERED,1
nat_rec_02988,math500_208,11,SYMBOLIC_SUBSTITUTION_ERROR,Step 3,UNRECOVERED,0
nat_rec_02989,math500_208,12,ARITHMETIC_MISCALCULATION,Step 1,UNRECOVERED,0
nat_rec_02991,math500_208,14,ARITHMETIC_MISCALCULATION,Step 2,UNRECOVERED,0
nat_rec_02997,math500_209,4,SELF_DETECTED_REASONING_FLAW,Step 3,UNRECOVERED,0
nat_rec_02999,math500_209,6,ARITHMETIC_MISCALCULATION,Step 3,UNRECOVERED,0
nat_rec_03001,math500_209,8,SELF_DETECTED_REASONING_FLAW,Step 3,UNRECOVERED,0
nat_rec_03002,math500_209,9,SELF_DETECTED_REASONING_FLAW,Step 1,UNRECOVERED,0
nat_rec_03005,math500_209,12,ARITHMETIC_MISCALCULATION,Step 4,UNRECOVERED,0
nat_rec_03006,math500_209,13,SYMBOLIC_SUBSTITUTION_ERROR,Step 4,UNRECOVERED,0
nat_rec_03007,math500_209,14,ARITHMETIC_MISCALCULATION,Step 1,RECOVERED,1
nat_rec_03020,math500_210,11,SELF_DETECTED_REASONING_FLAW,Step 3,UNRECOVERED,0
nat_rec_03025,math500_211,0,ARITHMETIC_MISCALCULATION,Step 1,UNRECOVERED,0
nat_rec_03029,math500_211,4,SELF_DETECTED_REASONING_FLAW,Step 1,RECOVERED,1
nat_rec_03030,math500_211,5,ARITHMETIC_MISCALCULATION,Step 1,RECOVERED,1
nat_rec_03034,math500_211,9,ARITHMETIC_MISCALCULATION,Step 2,RECOVERED,1
nat_rec_03039,math500_211,14,SELF_DETECTED_REASONING_FLAW,Step 3,UNRECOVERED,0
nat_rec_03043,math500_212,2,ARITHMETIC_MISCALCULATION,Step 2,RECOVERED,1
nat_rec_03053,math500_212,12,ARITHMETIC_MISCALCULATION,Step 3,UNRECOVERED,0
nat_rec_03057,math500_213,0,SELF_DETECTED_REASONING_FLAW,Step 3,UNRECOVERED,0
nat_rec_03064,math500_213,7,SYMBOLIC_SUBSTITUTION_ERROR,Step 4,RECOVERED,1
nat_rec_03066,math500_213,9,SYMBOLIC_SUBSTITUTION_ERROR,Step 4,UNRECOVERED,0
nat_rec_03075,math500_214,2,SELF_DETECTED_REASONING_FLAW,Step 1,UNRECOVERED,0
nat_rec_03076,math500_214,3,SELF_DETECTED_REASONING_FLAW,Step 3,RECOVERED,1
nat_rec_03081,math500_214,8,ARITHMETIC_MISCALCULATION,Step 4,UNRECOVERED,0
nat_rec_03084,math500_214,11,ARITHMETIC_MISCALCULATION,Step 3,UNRECOVERED,0
nat_rec_03086,math500_214,13,SELF_DETECTED_REASONING_FLAW,Step 4,UNRECOVERED,0
nat_rec_03088,math500_214,15,SELF_DETECTED_REASONING_FLAW,Step 2,RECOVERED,1
nat_rec_03094,math500_215,5,SYMBOLIC_SUBSTITUTION_ERROR,Step 1,RECOVERED,1
nat_rec_03102,math500_215,13,SYMBOLIC_SUBSTITUTION_ERROR,Step 1,UNRECOVERED,0
nat_rec_03103,math500_215,14,ARITHMETIC_MISCALCULATION,Step 1,RECOVERED,1
nat_rec_03104,math500_215,15,ARITHMETIC_MISCALCULATION,Step 1,RECOVERED,1
nat_rec_03109,math500_216,4,SYMBOLIC_SUBSTITUTION_ERROR,Step 4,RECOVERED,1
nat_rec_03110,math500_216,5,SYMBOLIC_SUBSTITUTION_ERROR,Step 1,UNRECOVERED,0
nat_rec_03117,math500_216,12,SELF_DETECTED_REASONING_FLAW,Step 2,UNRECOVERED,0
nat_rec_03119,math500_216,14,SYMBOLIC_SUBSTITUTION_ERROR,Step 4,UNRECOVERED,0
nat_rec_03121,math500_217,0,ARITHMETIC_MISCALCULATION,Step 4,UNRECOVERED,0
nat_rec_03123,math500_217,2,ARITHMETIC_MISCALCULATION,Step 4,RECOVERED,1
nat_rec_03127,math500_217,6,SYMBOLIC_SUBSTITUTION_ERROR,Step 3,UNRECOVERED,0
nat_rec_03131,math500_217,10,SELF_DETECTED_REASONING_FLAW,Step 3,UNRECOVERED,0
nat_rec_03137,math500_218,0,ARITHMETIC_MISCALCULATION,Step 3,UNRECOVERED,0
nat_rec_03140,math500_218,3,SELF_DETECTED_REASONING_FLAW,Step 1,UNRECOVERED,0
nat_rec_03145,math500_218,8,SELF_DETECTED_REASONING_FLAW,Step 4,UNRECOVERED,0
nat_rec_03152,math500_218,15,SYMBOLIC_SUBSTITUTION_ERROR,Step 1,UNRECOVERED,0
nat_rec_03154,math500_219,1,SYMBOLIC_SUBSTITUTION_ERROR,Step 2,RECOVERED,1
nat_rec_03162,math500_219,9,SELF_DETECTED_REASONING_FLAW,Step 2,RECOVERED,1
nat_rec_03173,math500_220,4,SELF_DETECTED_REASONING_FLAW,Step 2,UNRECOVERED,0
nat_rec_03187,math500_221,2,ARITHMETIC_MISCALCULATION,Step 2,UNRECOVERED,0
nat_rec_03195,math500_221,10,SELF_DETECTED_REASONING_FLAW,Step 2,RECOVERED,1
nat_rec_03199,math500_221,14,SELF_DETECTED_REASONING_FLAW,Step 4,UNRECOVERED,0
nat_rec_03200,math500_221,15,SELF_DETECTED_REASONING_FLAW,Step 2,UNRECOVERED,0
