artifact,run_id,sha256,size,git_sha,config_hash,timestamp,status
research/prelude_v1/runs/b0_run_01/results.json,b0_run_01,cc0575dc38b1ea9605d18f80f2e9cdcc9d7d12d73fcb4bc55279c3b44dad0ad6,793,51ab9c5364ce3934335c02450ea13cd691a329fa0378bc28a0e88b6883bfd12f,42a62a9223b54543,2026-08-16T00:30:00Z,IMMUTABLE
research/prelude_v1/runs/b0_run_02/results.json,b0_run_02,3f5167502ad0072123bcb6b3fcd3ec3cdb07fb210052b1cd5b0c368482bd1700,720,51ab9c5364ce3934335c02450ea13cd691a329fa0378bc28a0e88b6883bfd12f,034372179e219b18,2026-08-16T00:30:00Z,IMMUTABLE
research/prelude_v1/runs/b0_run_03/results.json,b0_run_03,9db63901461bf99383255a71f37af8ebf4b83ab6dd1f84d2c7a05be6d8716265,795,51ab9c5364ce3934335c02450ea13cd691a329fa0378bc28a0e88b6883bfd12f,be65287c819e3176,2026-08-16T00:30:00Z,IMMUTABLE
research/prelude_v1/runs/b0_run_04/results.json,b0_run_04,60d21d3f3fe21968e7c79cef6c072905198d968e7fb0bfb958d70ce536f16290,776,51ab9c5364ce3934335c02450ea13cd691a329fa0378bc28a0e88b6883bfd12f,9024a5dcb3b9433b,2026-08-16T00:30:00Z,IMMUTABLE
research/prelude_v1/runs/b0_run_05/results.json,b0_run_05,975136a19c0b19093c501efbefc0020924efce26b4630450f8709eac47925a9e,790,51ab9c5364ce3934335c02450ea13cd691a329fa0378bc28a0e88b6883bfd12f,f3d8dcef36c1ed22,2026-08-16T00:30:00Z,IMMUTABLE
research/prelude_v1/runs/b0_run_06/results.json,b0_run_06,0965223cd7514e38ebb88fce5f88d98179308f0a801f7fbe2b283ddbfe7a3b99,733,51ab9c5364ce3934335c02450ea13cd691a329fa0378bc28a0e88b6883bfd12f,cd90f70cab09a1e7,2026-08-16T00:30:00Z,IMMUTABLE
research/prelude_v1/runs/b0_run_07/results.json,b0_run_07,a69e55c1b288978d3711d43848033a0abab2353553fbe6746f4ff4d92f5a2ff9,789,51ab9c5364ce3934335c02450ea13cd691a329fa0378bc28a0e88b6883bfd12f,f606d2d2dd05707f,2026-08-16T00:30:00Z,IMMUTABLE
research/prelude_v1/runs/b0_run_08/results.json,b0_run_08,b1e473e562e2faac06b494d0677fa84a4955efc9941eb08a46c54e0054b64c62,772,51ab9c5364ce3934335c02450ea13cd691a329fa0378bc28a0e88b6883bfd12f,2be822a1e38c579c,2026-08-16T00:30:00Z,IMMUTABLE
research/prelude_v1/runs/b0_run_09/results.json,b0_run_09,138f10375cca8e7333013c80bcdc5b07d9f6c875007f85eb691b287b0e5ec55b,785,51ab9c5364ce3934335c02450ea13cd691a329fa0378bc28a0e88b6883bfd12f,f8411885f14b200d,2026-08-16T00:30:00Z,IMMUTABLE
research/prelude_v1/runs/b0_run_10/results.json,b0_run_10,4afc9afcff08453f617ca63d2b74879c58754f2c0d7a780d13f11a27045bb3cc,772,51ab9c5364ce3934335c02450ea13cd691a329fa0378bc28a0e88b6883bfd12f,b4db6f9d492562e1,2026-08-16T00:30:00Z,IMMUTABLE
research/prelude_v1/runs/b0_run_11/results.json,b0_run_11,526fc03d6f2c17fd68023e62fd8dd1b494b92fac3f2886714f33e98899229633,787,51ab9c5364ce3934335c02450ea13cd691a329fa0378bc28a0e88b6883bfd12f,2cf739220065a2db,2026-08-16T00:30:00Z,IMMUTABLE
research/prelude_v1/runs/b0_run_12/results.json,b0_run_12,7ed82142cebfe3e291abf0547ecbc4b374a6a290fe3d77e02e7c0409d0e6c5ae,770,51ab9c5364ce3934335c02450ea13cd691a329fa0378bc28a0e88b6883bfd12f,afd5743dd45409cd,2026-08-16T00:30:00Z,IMMUTABLE
research/prelude_v1/runs/b0_run_13_repl/results.json,b0_run_13_repl,0652712b7688c6175681edf06f5e3c8b97d14ed2f64f499c12f295ba95131927,741,51ab9c5364ce3934335c02450ea13cd691a329fa0378bc28a0e88b6883bfd12f,b61bf25a44a0c20b,2026-08-16T00:30:00Z,IMMUTABLE
research/prelude_v1/runs/b0_run_14_repl/results.json,b0_run_14_repl,28e261e0f4e6bc19375b215cdfb86febb36d91b052fe0e3385cb47727c0a4b63,742,51ab9c5364ce3934335c02450ea13cd691a329fa0378bc28a0e88b6883bfd12f,82c0c141c4163485,2026-08-16T00:30:00Z,IMMUTABLE
research/prelude_v1/runs/b0_run_15_repl/results.json,b0_run_15_repl,f72f563fe828a3d1af20603e3d3c1023d9938eb4b1c0b3ab0fe85be2653fe8dd,796,51ab9c5364ce3934335c02450ea13cd691a329fa0378bc28a0e88b6883bfd12f,f0d9905d4d9bd90f,2026-08-16T00:30:00Z,IMMUTABLE
research/prelude_v1/runs/b0_run_16_repl/results.json,b0_run_16_repl,3e732d2b900ce9490492e320078a2dcca172f14f921bf62811943363508f4ccf,797,51ab9c5364ce3934335c02450ea13cd691a329fa0378bc28a0e88b6883bfd12f,5372996a6ad24e1d,2026-08-16T00:30:00Z,IMMUTABLE
research/prelude_v1/runs/b0_run_17_repl/results.json,b0_run_17_repl,61f17f6eb1a3b383dd8be44945194b0e844bd2122433e08950ee70ae8b176d2c,791,51ab9c5364ce3934335c02450ea13cd691a329fa0378bc28a0e88b6883bfd12f,db9644c2c1bcad25,2026-08-16T00:30:00Z,IMMUTABLE
research/prelude_v1/runs/b0_run_18_repl/results.json,b0_run_18_repl,134288f04ed2ab2cfaab03826d607a933cbe74fd295791994e35fe7b7a658e67,795,51ab9c5364ce3934335c02450ea13cd691a329fa0378bc28a0e88b6883bfd12f,e2441ad0f2cb656f,2026-08-16T00:30:00Z,IMMUTABLE
