problem_id,in_registry_v4,terminal_stage,reason,source_artifact
math500_001,YES,FINAL_REGISTERED,Constructed valid Control/Recovery state pair passing all semantic quality invariants.,FINAL_PROSPECTIVE_STATE_REGISTRY_V4.json
math500_002,YES,FINAL_REGISTERED,Constructed valid Control/Recovery state pair passing all semantic quality invariants.,FINAL_PROSPECTIVE_STATE_REGISTRY_V4.json
math500_003,YES,FINAL_REGISTERED,Constructed valid Control/Recovery state pair passing all semantic quality invariants.,FINAL_PROSPECTIVE_STATE_REGISTRY_V4.json
math500_004,NO,NO_VERIFIABLE_TRANSITION,Solution contains conceptual prose without verifiable math equation transitions.,MATH500_PRIMARY_CONSERVATIVE_POOL.json
math500_005,YES,FINAL_REGISTERED,Constructed valid Control/Recovery state pair passing all semantic quality invariants.,FINAL_PROSPECTIVE_STATE_REGISTRY_V4.json
math500_006,YES,FINAL_REGISTERED,Constructed valid Control/Recovery state pair passing all semantic quality invariants.,FINAL_PROSPECTIVE_STATE_REGISTRY_V4.json
math500_007,YES,FINAL_REGISTERED,Constructed valid Control/Recovery state pair passing all semantic quality invariants.,FINAL_PROSPECTIVE_STATE_REGISTRY_V4.json
math500_008,YES,FINAL_REGISTERED,Constructed valid Control/Recovery state pair passing all semantic quality invariants.,FINAL_PROSPECTIVE_STATE_REGISTRY_V4.json
math500_009,YES,FINAL_REGISTERED,Constructed valid Control/Recovery state pair passing all semantic quality invariants.,FINAL_PROSPECTIVE_STATE_REGISTRY_V4.json
math500_010,YES,FINAL_REGISTERED,Constructed valid Control/Recovery state pair passing all semantic quality invariants.,FINAL_PROSPECTIVE_STATE_REGISTRY_V4.json
math500_011,YES,FINAL_REGISTERED,Constructed valid Control/Recovery state pair passing all semantic quality invariants.,FINAL_PROSPECTIVE_STATE_REGISTRY_V4.json
math500_012,YES,FINAL_REGISTERED,Constructed valid Control/Recovery state pair passing all semantic quality invariants.,FINAL_PROSPECTIVE_STATE_REGISTRY_V4.json
math500_013,YES,FINAL_REGISTERED,Constructed valid Control/Recovery state pair passing all semantic quality invariants.,FINAL_PROSPECTIVE_STATE_REGISTRY_V4.json
math500_014,YES,FINAL_REGISTERED,Constructed valid Control/Recovery state pair passing all semantic quality invariants.,FINAL_PROSPECTIVE_STATE_REGISTRY_V4.json
math500_015,YES,FINAL_REGISTERED,Constructed valid Control/Recovery state pair passing all semantic quality invariants.,FINAL_PROSPECTIVE_STATE_REGISTRY_V4.json
math500_016,YES,FINAL_REGISTERED,Constructed valid Control/Recovery state pair passing all semantic quality invariants.,FINAL_PROSPECTIVE_STATE_REGISTRY_V4.json
math500_018,YES,FINAL_REGISTERED,Constructed valid Control/Recovery state pair passing all semantic quality invariants.,FINAL_PROSPECTIVE_STATE_REGISTRY_V4.json
math500_019,YES,FINAL_REGISTERED,Constructed valid Control/Recovery state pair passing all semantic quality invariants.,FINAL_PROSPECTIVE_STATE_REGISTRY_V4.json
math500_020,YES,FINAL_REGISTERED,Constructed valid Control/Recovery state pair passing all semantic quality invariants.,FINAL_PROSPECTIVE_STATE_REGISTRY_V4.json
math500_021,YES,FINAL_REGISTERED,Constructed valid Control/Recovery state pair passing all semantic quality invariants.,FINAL_PROSPECTIVE_STATE_REGISTRY_V4.json
math500_022,YES,FINAL_REGISTERED,Constructed valid Control/Recovery state pair passing all semantic quality invariants.,FINAL_PROSPECTIVE_STATE_REGISTRY_V4.json
math500_023,YES,FINAL_REGISTERED,Constructed valid Control/Recovery state pair passing all semantic quality invariants.,FINAL_PROSPECTIVE_STATE_REGISTRY_V4.json
math500_024,YES,FINAL_REGISTERED,Constructed valid Control/Recovery state pair passing all semantic quality invariants.,FINAL_PROSPECTIVE_STATE_REGISTRY_V4.json
math500_025,YES,FINAL_REGISTERED,Constructed valid Control/Recovery state pair passing all semantic quality invariants.,FINAL_PROSPECTIVE_STATE_REGISTRY_V4.json
math500_026,YES,FINAL_REGISTERED,Constructed valid Control/Recovery state pair passing all semantic quality invariants.,FINAL_PROSPECTIVE_STATE_REGISTRY_V4.json
math500_027,YES,FINAL_REGISTERED,Constructed valid Control/Recovery state pair passing all semantic quality invariants.,FINAL_PROSPECTIVE_STATE_REGISTRY_V4.json
math500_028,YES,FINAL_REGISTERED,Constructed valid Control/Recovery state pair passing all semantic quality invariants.,FINAL_PROSPECTIVE_STATE_REGISTRY_V4.json
math500_029,YES,FINAL_REGISTERED,Constructed valid Control/Recovery state pair passing all semantic quality invariants.,FINAL_PROSPECTIVE_STATE_REGISTRY_V4.json
math500_030,YES,FINAL_REGISTERED,Constructed valid Control/Recovery state pair passing all semantic quality invariants.,FINAL_PROSPECTIVE_STATE_REGISTRY_V4.json
math500_032,YES,FINAL_REGISTERED,Constructed valid Control/Recovery state pair passing all semantic quality invariants.,FINAL_PROSPECTIVE_STATE_REGISTRY_V4.json
math500_033,YES,FINAL_REGISTERED,Constructed valid Control/Recovery state pair passing all semantic quality invariants.,FINAL_PROSPECTIVE_STATE_REGISTRY_V4.json
math500_034,YES,FINAL_REGISTERED,Constructed valid Control/Recovery state pair passing all semantic quality invariants.,FINAL_PROSPECTIVE_STATE_REGISTRY_V4.json
math500_035,YES,FINAL_REGISTERED,Constructed valid Control/Recovery state pair passing all semantic quality invariants.,FINAL_PROSPECTIVE_STATE_REGISTRY_V4.json
math500_036,YES,FINAL_REGISTERED,Constructed valid Control/Recovery state pair passing all semantic quality invariants.,FINAL_PROSPECTIVE_STATE_REGISTRY_V4.json
math500_037,YES,FINAL_REGISTERED,Constructed valid Control/Recovery state pair passing all semantic quality invariants.,FINAL_PROSPECTIVE_STATE_REGISTRY_V4.json
math500_038,YES,FINAL_REGISTERED,Constructed valid Control/Recovery state pair passing all semantic quality invariants.,FINAL_PROSPECTIVE_STATE_REGISTRY_V4.json
math500_039,YES,FINAL_REGISTERED,Constructed valid Control/Recovery state pair passing all semantic quality invariants.,FINAL_PROSPECTIVE_STATE_REGISTRY_V4.json
math500_040,YES,FINAL_REGISTERED,Constructed valid Control/Recovery state pair passing all semantic quality invariants.,FINAL_PROSPECTIVE_STATE_REGISTRY_V4.json
math500_041,YES,FINAL_REGISTERED,Constructed valid Control/Recovery state pair passing all semantic quality invariants.,FINAL_PROSPECTIVE_STATE_REGISTRY_V4.json
math500_042,YES,FINAL_REGISTERED,Constructed valid Control/Recovery state pair passing all semantic quality invariants.,FINAL_PROSPECTIVE_STATE_REGISTRY_V4.json
math500_043,YES,FINAL_REGISTERED,Constructed valid Control/Recovery state pair passing all semantic quality invariants.,FINAL_PROSPECTIVE_STATE_REGISTRY_V4.json
math500_044,YES,FINAL_REGISTERED,Constructed valid Control/Recovery state pair passing all semantic quality invariants.,FINAL_PROSPECTIVE_STATE_REGISTRY_V4.json
math500_045,YES,FINAL_REGISTERED,Constructed valid Control/Recovery state pair passing all semantic quality invariants.,FINAL_PROSPECTIVE_STATE_REGISTRY_V4.json
math500_046,YES,FINAL_REGISTERED,Constructed valid Control/Recovery state pair passing all semantic quality invariants.,FINAL_PROSPECTIVE_STATE_REGISTRY_V4.json
math500_047,YES,FINAL_REGISTERED,Constructed valid Control/Recovery state pair passing all semantic quality invariants.,FINAL_PROSPECTIVE_STATE_REGISTRY_V4.json
math500_048,YES,FINAL_REGISTERED,Constructed valid Control/Recovery state pair passing all semantic quality invariants.,FINAL_PROSPECTIVE_STATE_REGISTRY_V4.json
math500_049,YES,FINAL_REGISTERED,Constructed valid Control/Recovery state pair passing all semantic quality invariants.,FINAL_PROSPECTIVE_STATE_REGISTRY_V4.json
math500_050,YES,FINAL_REGISTERED,Constructed valid Control/Recovery state pair passing all semantic quality invariants.,FINAL_PROSPECTIVE_STATE_REGISTRY_V4.json
math500_051,YES,FINAL_REGISTERED,Constructed valid Control/Recovery state pair passing all semantic quality invariants.,FINAL_PROSPECTIVE_STATE_REGISTRY_V4.json
math500_052,YES,FINAL_REGISTERED,Constructed valid Control/Recovery state pair passing all semantic quality invariants.,FINAL_PROSPECTIVE_STATE_REGISTRY_V4.json
math500_055,YES,FINAL_REGISTERED,Constructed valid Control/Recovery state pair passing all semantic quality invariants.,FINAL_PROSPECTIVE_STATE_REGISTRY_V4.json
math500_056,YES,FINAL_REGISTERED,Constructed valid Control/Recovery state pair passing all semantic quality invariants.,FINAL_PROSPECTIVE_STATE_REGISTRY_V4.json
math500_057,YES,FINAL_REGISTERED,Constructed valid Control/Recovery state pair passing all semantic quality invariants.,FINAL_PROSPECTIVE_STATE_REGISTRY_V4.json
math500_058,YES,FINAL_REGISTERED,Constructed valid Control/Recovery state pair passing all semantic quality invariants.,FINAL_PROSPECTIVE_STATE_REGISTRY_V4.json
math500_059,YES,FINAL_REGISTERED,Constructed valid Control/Recovery state pair passing all semantic quality invariants.,FINAL_PROSPECTIVE_STATE_REGISTRY_V4.json
math500_060,YES,FINAL_REGISTERED,Constructed valid Control/Recovery state pair passing all semantic quality invariants.,FINAL_PROSPECTIVE_STATE_REGISTRY_V4.json
math500_061,YES,FINAL_REGISTERED,Constructed valid Control/Recovery state pair passing all semantic quality invariants.,FINAL_PROSPECTIVE_STATE_REGISTRY_V4.json
math500_062,YES,FINAL_REGISTERED,Constructed valid Control/Recovery state pair passing all semantic quality invariants.,FINAL_PROSPECTIVE_STATE_REGISTRY_V4.json
math500_063,YES,FINAL_REGISTERED,Constructed valid Control/Recovery state pair passing all semantic quality invariants.,FINAL_PROSPECTIVE_STATE_REGISTRY_V4.json
math500_064,YES,FINAL_REGISTERED,Constructed valid Control/Recovery state pair passing all semantic quality invariants.,FINAL_PROSPECTIVE_STATE_REGISTRY_V4.json
math500_065,YES,FINAL_REGISTERED,Constructed valid Control/Recovery state pair passing all semantic quality invariants.,FINAL_PROSPECTIVE_STATE_REGISTRY_V4.json
math500_066,YES,FINAL_REGISTERED,Constructed valid Control/Recovery state pair passing all semantic quality invariants.,FINAL_PROSPECTIVE_STATE_REGISTRY_V4.json
math500_067,YES,FINAL_REGISTERED,Constructed valid Control/Recovery state pair passing all semantic quality invariants.,FINAL_PROSPECTIVE_STATE_REGISTRY_V4.json
math500_068,YES,FINAL_REGISTERED,Constructed valid Control/Recovery state pair passing all semantic quality invariants.,FINAL_PROSPECTIVE_STATE_REGISTRY_V4.json
math500_069,YES,FINAL_REGISTERED,Constructed valid Control/Recovery state pair passing all semantic quality invariants.,FINAL_PROSPECTIVE_STATE_REGISTRY_V4.json
math500_070,YES,FINAL_REGISTERED,Constructed valid Control/Recovery state pair passing all semantic quality invariants.,FINAL_PROSPECTIVE_STATE_REGISTRY_V4.json
math500_071,YES,FINAL_REGISTERED,Constructed valid Control/Recovery state pair passing all semantic quality invariants.,FINAL_PROSPECTIVE_STATE_REGISTRY_V4.json
math500_072,YES,FINAL_REGISTERED,Constructed valid Control/Recovery state pair passing all semantic quality invariants.,FINAL_PROSPECTIVE_STATE_REGISTRY_V4.json
math500_073,YES,FINAL_REGISTERED,Constructed valid Control/Recovery state pair passing all semantic quality invariants.,FINAL_PROSPECTIVE_STATE_REGISTRY_V4.json
math500_074,YES,FINAL_REGISTERED,Constructed valid Control/Recovery state pair passing all semantic quality invariants.,FINAL_PROSPECTIVE_STATE_REGISTRY_V4.json
math500_075,YES,FINAL_REGISTERED,Constructed valid Control/Recovery state pair passing all semantic quality invariants.,FINAL_PROSPECTIVE_STATE_REGISTRY_V4.json
math500_076,YES,FINAL_REGISTERED,Constructed valid Control/Recovery state pair passing all semantic quality invariants.,FINAL_PROSPECTIVE_STATE_REGISTRY_V4.json
math500_077,YES,FINAL_REGISTERED,Constructed valid Control/Recovery state pair passing all semantic quality invariants.,FINAL_PROSPECTIVE_STATE_REGISTRY_V4.json
math500_078,YES,FINAL_REGISTERED,Constructed valid Control/Recovery state pair passing all semantic quality invariants.,FINAL_PROSPECTIVE_STATE_REGISTRY_V4.json
math500_079,YES,FINAL_REGISTERED,Constructed valid Control/Recovery state pair passing all semantic quality invariants.,FINAL_PROSPECTIVE_STATE_REGISTRY_V4.json
math500_081,YES,FINAL_REGISTERED,Constructed valid Control/Recovery state pair passing all semantic quality invariants.,FINAL_PROSPECTIVE_STATE_REGISTRY_V4.json
math500_082,YES,FINAL_REGISTERED,Constructed valid Control/Recovery state pair passing all semantic quality invariants.,FINAL_PROSPECTIVE_STATE_REGISTRY_V4.json
math500_083,YES,FINAL_REGISTERED,Constructed valid Control/Recovery state pair passing all semantic quality invariants.,FINAL_PROSPECTIVE_STATE_REGISTRY_V4.json
math500_084,YES,FINAL_REGISTERED,Constructed valid Control/Recovery state pair passing all semantic quality invariants.,FINAL_PROSPECTIVE_STATE_REGISTRY_V4.json
math500_085,YES,FINAL_REGISTERED,Constructed valid Control/Recovery state pair passing all semantic quality invariants.,FINAL_PROSPECTIVE_STATE_REGISTRY_V4.json
math500_086,YES,FINAL_REGISTERED,Constructed valid Control/Recovery state pair passing all semantic quality invariants.,FINAL_PROSPECTIVE_STATE_REGISTRY_V4.json
math500_088,YES,FINAL_REGISTERED,Constructed valid Control/Recovery state pair passing all semantic quality invariants.,FINAL_PROSPECTIVE_STATE_REGISTRY_V4.json
math500_089,YES,FINAL_REGISTERED,Constructed valid Control/Recovery state pair passing all semantic quality invariants.,FINAL_PROSPECTIVE_STATE_REGISTRY_V4.json
math500_090,YES,FINAL_REGISTERED,Constructed valid Control/Recovery state pair passing all semantic quality invariants.,FINAL_PROSPECTIVE_STATE_REGISTRY_V4.json
math500_091,YES,FINAL_REGISTERED,Constructed valid Control/Recovery state pair passing all semantic quality invariants.,FINAL_PROSPECTIVE_STATE_REGISTRY_V4.json
math500_092,YES,FINAL_REGISTERED,Constructed valid Control/Recovery state pair passing all semantic quality invariants.,FINAL_PROSPECTIVE_STATE_REGISTRY_V4.json
math500_093,YES,FINAL_REGISTERED,Constructed valid Control/Recovery state pair passing all semantic quality invariants.,FINAL_PROSPECTIVE_STATE_REGISTRY_V4.json
math500_094,YES,FINAL_REGISTERED,Constructed valid Control/Recovery state pair passing all semantic quality invariants.,FINAL_PROSPECTIVE_STATE_REGISTRY_V4.json
math500_095,YES,FINAL_REGISTERED,Constructed valid Control/Recovery state pair passing all semantic quality invariants.,FINAL_PROSPECTIVE_STATE_REGISTRY_V4.json
math500_096,YES,FINAL_REGISTERED,Constructed valid Control/Recovery state pair passing all semantic quality invariants.,FINAL_PROSPECTIVE_STATE_REGISTRY_V4.json
math500_097,YES,FINAL_REGISTERED,Constructed valid Control/Recovery state pair passing all semantic quality invariants.,FINAL_PROSPECTIVE_STATE_REGISTRY_V4.json
math500_098,YES,FINAL_REGISTERED,Constructed valid Control/Recovery state pair passing all semantic quality invariants.,FINAL_PROSPECTIVE_STATE_REGISTRY_V4.json
math500_099,YES,FINAL_REGISTERED,Constructed valid Control/Recovery state pair passing all semantic quality invariants.,FINAL_PROSPECTIVE_STATE_REGISTRY_V4.json
math500_100,YES,FINAL_REGISTERED,Constructed valid Control/Recovery state pair passing all semantic quality invariants.,FINAL_PROSPECTIVE_STATE_REGISTRY_V4.json
math500_101,YES,FINAL_REGISTERED,Constructed valid Control/Recovery state pair passing all semantic quality invariants.,FINAL_PROSPECTIVE_STATE_REGISTRY_V4.json
math500_102,YES,FINAL_REGISTERED,Constructed valid Control/Recovery state pair passing all semantic quality invariants.,FINAL_PROSPECTIVE_STATE_REGISTRY_V4.json
math500_103,YES,FINAL_REGISTERED,Constructed valid Control/Recovery state pair passing all semantic quality invariants.,FINAL_PROSPECTIVE_STATE_REGISTRY_V4.json
math500_104,YES,FINAL_REGISTERED,Constructed valid Control/Recovery state pair passing all semantic quality invariants.,FINAL_PROSPECTIVE_STATE_REGISTRY_V4.json
math500_105,YES,FINAL_REGISTERED,Constructed valid Control/Recovery state pair passing all semantic quality invariants.,FINAL_PROSPECTIVE_STATE_REGISTRY_V4.json
math500_106,YES,FINAL_REGISTERED,Constructed valid Control/Recovery state pair passing all semantic quality invariants.,FINAL_PROSPECTIVE_STATE_REGISTRY_V4.json
math500_107,YES,FINAL_REGISTERED,Constructed valid Control/Recovery state pair passing all semantic quality invariants.,FINAL_PROSPECTIVE_STATE_REGISTRY_V4.json
math500_108,YES,FINAL_REGISTERED,Constructed valid Control/Recovery state pair passing all semantic quality invariants.,FINAL_PROSPECTIVE_STATE_REGISTRY_V4.json
math500_109,YES,FINAL_REGISTERED,Constructed valid Control/Recovery state pair passing all semantic quality invariants.,FINAL_PROSPECTIVE_STATE_REGISTRY_V4.json
math500_111,YES,FINAL_REGISTERED,Constructed valid Control/Recovery state pair passing all semantic quality invariants.,FINAL_PROSPECTIVE_STATE_REGISTRY_V4.json
math500_112,YES,FINAL_REGISTERED,Constructed valid Control/Recovery state pair passing all semantic quality invariants.,FINAL_PROSPECTIVE_STATE_REGISTRY_V4.json
math500_113,YES,FINAL_REGISTERED,Constructed valid Control/Recovery state pair passing all semantic quality invariants.,FINAL_PROSPECTIVE_STATE_REGISTRY_V4.json
math500_114,YES,FINAL_REGISTERED,Constructed valid Control/Recovery state pair passing all semantic quality invariants.,FINAL_PROSPECTIVE_STATE_REGISTRY_V4.json
math500_116,YES,FINAL_REGISTERED,Constructed valid Control/Recovery state pair passing all semantic quality invariants.,FINAL_PROSPECTIVE_STATE_REGISTRY_V4.json
math500_117,YES,FINAL_REGISTERED,Constructed valid Control/Recovery state pair passing all semantic quality invariants.,FINAL_PROSPECTIVE_STATE_REGISTRY_V4.json
math500_118,YES,FINAL_REGISTERED,Constructed valid Control/Recovery state pair passing all semantic quality invariants.,FINAL_PROSPECTIVE_STATE_REGISTRY_V4.json
math500_119,YES,FINAL_REGISTERED,Constructed valid Control/Recovery state pair passing all semantic quality invariants.,FINAL_PROSPECTIVE_STATE_REGISTRY_V4.json
math500_120,YES,FINAL_REGISTERED,Constructed valid Control/Recovery state pair passing all semantic quality invariants.,FINAL_PROSPECTIVE_STATE_REGISTRY_V4.json
math500_121,YES,FINAL_REGISTERED,Constructed valid Control/Recovery state pair passing all semantic quality invariants.,FINAL_PROSPECTIVE_STATE_REGISTRY_V4.json
math500_124,YES,FINAL_REGISTERED,Constructed valid Control/Recovery state pair passing all semantic quality invariants.,FINAL_PROSPECTIVE_STATE_REGISTRY_V4.json
math500_125,YES,FINAL_REGISTERED,Constructed valid Control/Recovery state pair passing all semantic quality invariants.,FINAL_PROSPECTIVE_STATE_REGISTRY_V4.json
math500_126,YES,FINAL_REGISTERED,Constructed valid Control/Recovery state pair passing all semantic quality invariants.,FINAL_PROSPECTIVE_STATE_REGISTRY_V4.json
math500_127,YES,FINAL_REGISTERED,Constructed valid Control/Recovery state pair passing all semantic quality invariants.,FINAL_PROSPECTIVE_STATE_REGISTRY_V4.json
math500_128,YES,FINAL_REGISTERED,Constructed valid Control/Recovery state pair passing all semantic quality invariants.,FINAL_PROSPECTIVE_STATE_REGISTRY_V4.json
math500_129,YES,FINAL_REGISTERED,Constructed valid Control/Recovery state pair passing all semantic quality invariants.,FINAL_PROSPECTIVE_STATE_REGISTRY_V4.json
math500_130,YES,FINAL_REGISTERED,Constructed valid Control/Recovery state pair passing all semantic quality invariants.,FINAL_PROSPECTIVE_STATE_REGISTRY_V4.json
math500_131,YES,FINAL_REGISTERED,Constructed valid Control/Recovery state pair passing all semantic quality invariants.,FINAL_PROSPECTIVE_STATE_REGISTRY_V4.json
math500_132,YES,FINAL_REGISTERED,Constructed valid Control/Recovery state pair passing all semantic quality invariants.,FINAL_PROSPECTIVE_STATE_REGISTRY_V4.json
math500_133,YES,FINAL_REGISTERED,Constructed valid Control/Recovery state pair passing all semantic quality invariants.,FINAL_PROSPECTIVE_STATE_REGISTRY_V4.json
math500_134,YES,FINAL_REGISTERED,Constructed valid Control/Recovery state pair passing all semantic quality invariants.,FINAL_PROSPECTIVE_STATE_REGISTRY_V4.json
math500_135,YES,FINAL_REGISTERED,Constructed valid Control/Recovery state pair passing all semantic quality invariants.,FINAL_PROSPECTIVE_STATE_REGISTRY_V4.json
math500_136,YES,FINAL_REGISTERED,Constructed valid Control/Recovery state pair passing all semantic quality invariants.,FINAL_PROSPECTIVE_STATE_REGISTRY_V4.json
math500_137,YES,FINAL_REGISTERED,Constructed valid Control/Recovery state pair passing all semantic quality invariants.,FINAL_PROSPECTIVE_STATE_REGISTRY_V4.json
math500_138,YES,FINAL_REGISTERED,Constructed valid Control/Recovery state pair passing all semantic quality invariants.,FINAL_PROSPECTIVE_STATE_REGISTRY_V4.json
math500_139,YES,FINAL_REGISTERED,Constructed valid Control/Recovery state pair passing all semantic quality invariants.,FINAL_PROSPECTIVE_STATE_REGISTRY_V4.json
math500_140,YES,FINAL_REGISTERED,Constructed valid Control/Recovery state pair passing all semantic quality invariants.,FINAL_PROSPECTIVE_STATE_REGISTRY_V4.json
math500_141,YES,FINAL_REGISTERED,Constructed valid Control/Recovery state pair passing all semantic quality invariants.,FINAL_PROSPECTIVE_STATE_REGISTRY_V4.json
math500_142,YES,FINAL_REGISTERED,Constructed valid Control/Recovery state pair passing all semantic quality invariants.,FINAL_PROSPECTIVE_STATE_REGISTRY_V4.json
math500_143,YES,FINAL_REGISTERED,Constructed valid Control/Recovery state pair passing all semantic quality invariants.,FINAL_PROSPECTIVE_STATE_REGISTRY_V4.json
math500_144,YES,FINAL_REGISTERED,Constructed valid Control/Recovery state pair passing all semantic quality invariants.,FINAL_PROSPECTIVE_STATE_REGISTRY_V4.json
math500_145,YES,FINAL_REGISTERED,Constructed valid Control/Recovery state pair passing all semantic quality invariants.,FINAL_PROSPECTIVE_STATE_REGISTRY_V4.json
math500_146,YES,FINAL_REGISTERED,Constructed valid Control/Recovery state pair passing all semantic quality invariants.,FINAL_PROSPECTIVE_STATE_REGISTRY_V4.json
math500_147,YES,FINAL_REGISTERED,Constructed valid Control/Recovery state pair passing all semantic quality invariants.,FINAL_PROSPECTIVE_STATE_REGISTRY_V4.json
math500_148,YES,FINAL_REGISTERED,Constructed valid Control/Recovery state pair passing all semantic quality invariants.,FINAL_PROSPECTIVE_STATE_REGISTRY_V4.json
math500_149,YES,FINAL_REGISTERED,Constructed valid Control/Recovery state pair passing all semantic quality invariants.,FINAL_PROSPECTIVE_STATE_REGISTRY_V4.json
math500_150,YES,FINAL_REGISTERED,Constructed valid Control/Recovery state pair passing all semantic quality invariants.,FINAL_PROSPECTIVE_STATE_REGISTRY_V4.json
math500_151,YES,FINAL_REGISTERED,Constructed valid Control/Recovery state pair passing all semantic quality invariants.,FINAL_PROSPECTIVE_STATE_REGISTRY_V4.json
math500_152,YES,FINAL_REGISTERED,Constructed valid Control/Recovery state pair passing all semantic quality invariants.,FINAL_PROSPECTIVE_STATE_REGISTRY_V4.json
math500_153,YES,FINAL_REGISTERED,Constructed valid Control/Recovery state pair passing all semantic quality invariants.,FINAL_PROSPECTIVE_STATE_REGISTRY_V4.json
math500_154,YES,FINAL_REGISTERED,Constructed valid Control/Recovery state pair passing all semantic quality invariants.,FINAL_PROSPECTIVE_STATE_REGISTRY_V4.json
math500_156,YES,FINAL_REGISTERED,Constructed valid Control/Recovery state pair passing all semantic quality invariants.,FINAL_PROSPECTIVE_STATE_REGISTRY_V4.json
math500_157,YES,FINAL_REGISTERED,Constructed valid Control/Recovery state pair passing all semantic quality invariants.,FINAL_PROSPECTIVE_STATE_REGISTRY_V4.json
math500_158,YES,FINAL_REGISTERED,Constructed valid Control/Recovery state pair passing all semantic quality invariants.,FINAL_PROSPECTIVE_STATE_REGISTRY_V4.json
math500_159,YES,FINAL_REGISTERED,Constructed valid Control/Recovery state pair passing all semantic quality invariants.,FINAL_PROSPECTIVE_STATE_REGISTRY_V4.json
math500_160,YES,FINAL_REGISTERED,Constructed valid Control/Recovery state pair passing all semantic quality invariants.,FINAL_PROSPECTIVE_STATE_REGISTRY_V4.json
math500_161,YES,FINAL_REGISTERED,Constructed valid Control/Recovery state pair passing all semantic quality invariants.,FINAL_PROSPECTIVE_STATE_REGISTRY_V4.json
math500_162,YES,FINAL_REGISTERED,Constructed valid Control/Recovery state pair passing all semantic quality invariants.,FINAL_PROSPECTIVE_STATE_REGISTRY_V4.json
math500_163,YES,FINAL_REGISTERED,Constructed valid Control/Recovery state pair passing all semantic quality invariants.,FINAL_PROSPECTIVE_STATE_REGISTRY_V4.json
math500_164,YES,FINAL_REGISTERED,Constructed valid Control/Recovery state pair passing all semantic quality invariants.,FINAL_PROSPECTIVE_STATE_REGISTRY_V4.json
math500_165,YES,FINAL_REGISTERED,Constructed valid Control/Recovery state pair passing all semantic quality invariants.,FINAL_PROSPECTIVE_STATE_REGISTRY_V4.json
math500_166,YES,FINAL_REGISTERED,Constructed valid Control/Recovery state pair passing all semantic quality invariants.,FINAL_PROSPECTIVE_STATE_REGISTRY_V4.json
math500_167,YES,FINAL_REGISTERED,Constructed valid Control/Recovery state pair passing all semantic quality invariants.,FINAL_PROSPECTIVE_STATE_REGISTRY_V4.json
math500_168,YES,FINAL_REGISTERED,Constructed valid Control/Recovery state pair passing all semantic quality invariants.,FINAL_PROSPECTIVE_STATE_REGISTRY_V4.json
math500_169,YES,FINAL_REGISTERED,Constructed valid Control/Recovery state pair passing all semantic quality invariants.,FINAL_PROSPECTIVE_STATE_REGISTRY_V4.json
math500_170,YES,FINAL_REGISTERED,Constructed valid Control/Recovery state pair passing all semantic quality invariants.,FINAL_PROSPECTIVE_STATE_REGISTRY_V4.json
math500_171,YES,FINAL_REGISTERED,Constructed valid Control/Recovery state pair passing all semantic quality invariants.,FINAL_PROSPECTIVE_STATE_REGISTRY_V4.json
math500_172,YES,FINAL_REGISTERED,Constructed valid Control/Recovery state pair passing all semantic quality invariants.,FINAL_PROSPECTIVE_STATE_REGISTRY_V4.json
math500_173,YES,FINAL_REGISTERED,Constructed valid Control/Recovery state pair passing all semantic quality invariants.,FINAL_PROSPECTIVE_STATE_REGISTRY_V4.json
math500_174,YES,FINAL_REGISTERED,Constructed valid Control/Recovery state pair passing all semantic quality invariants.,FINAL_PROSPECTIVE_STATE_REGISTRY_V4.json
math500_175,YES,FINAL_REGISTERED,Constructed valid Control/Recovery state pair passing all semantic quality invariants.,FINAL_PROSPECTIVE_STATE_REGISTRY_V4.json
math500_176,YES,FINAL_REGISTERED,Constructed valid Control/Recovery state pair passing all semantic quality invariants.,FINAL_PROSPECTIVE_STATE_REGISTRY_V4.json
math500_177,YES,FINAL_REGISTERED,Constructed valid Control/Recovery state pair passing all semantic quality invariants.,FINAL_PROSPECTIVE_STATE_REGISTRY_V4.json
math500_178,YES,FINAL_REGISTERED,Constructed valid Control/Recovery state pair passing all semantic quality invariants.,FINAL_PROSPECTIVE_STATE_REGISTRY_V4.json
math500_179,YES,FINAL_REGISTERED,Constructed valid Control/Recovery state pair passing all semantic quality invariants.,FINAL_PROSPECTIVE_STATE_REGISTRY_V4.json
math500_180,YES,FINAL_REGISTERED,Constructed valid Control/Recovery state pair passing all semantic quality invariants.,FINAL_PROSPECTIVE_STATE_REGISTRY_V4.json
math500_181,YES,FINAL_REGISTERED,Constructed valid Control/Recovery state pair passing all semantic quality invariants.,FINAL_PROSPECTIVE_STATE_REGISTRY_V4.json
math500_182,YES,FINAL_REGISTERED,Constructed valid Control/Recovery state pair passing all semantic quality invariants.,FINAL_PROSPECTIVE_STATE_REGISTRY_V4.json
math500_184,YES,FINAL_REGISTERED,Constructed valid Control/Recovery state pair passing all semantic quality invariants.,FINAL_PROSPECTIVE_STATE_REGISTRY_V4.json
math500_185,YES,FINAL_REGISTERED,Constructed valid Control/Recovery state pair passing all semantic quality invariants.,FINAL_PROSPECTIVE_STATE_REGISTRY_V4.json
math500_186,YES,FINAL_REGISTERED,Constructed valid Control/Recovery state pair passing all semantic quality invariants.,FINAL_PROSPECTIVE_STATE_REGISTRY_V4.json
math500_187,YES,FINAL_REGISTERED,Constructed valid Control/Recovery state pair passing all semantic quality invariants.,FINAL_PROSPECTIVE_STATE_REGISTRY_V4.json
math500_188,YES,FINAL_REGISTERED,Constructed valid Control/Recovery state pair passing all semantic quality invariants.,FINAL_PROSPECTIVE_STATE_REGISTRY_V4.json
math500_189,YES,FINAL_REGISTERED,Constructed valid Control/Recovery state pair passing all semantic quality invariants.,FINAL_PROSPECTIVE_STATE_REGISTRY_V4.json
math500_190,YES,FINAL_REGISTERED,Constructed valid Control/Recovery state pair passing all semantic quality invariants.,FINAL_PROSPECTIVE_STATE_REGISTRY_V4.json
math500_191,YES,FINAL_REGISTERED,Constructed valid Control/Recovery state pair passing all semantic quality invariants.,FINAL_PROSPECTIVE_STATE_REGISTRY_V4.json
math500_192,YES,FINAL_REGISTERED,Constructed valid Control/Recovery state pair passing all semantic quality invariants.,FINAL_PROSPECTIVE_STATE_REGISTRY_V4.json
math500_194,YES,FINAL_REGISTERED,Constructed valid Control/Recovery state pair passing all semantic quality invariants.,FINAL_PROSPECTIVE_STATE_REGISTRY_V4.json
math500_195,YES,FINAL_REGISTERED,Constructed valid Control/Recovery state pair passing all semantic quality invariants.,FINAL_PROSPECTIVE_STATE_REGISTRY_V4.json
math500_197,YES,FINAL_REGISTERED,Constructed valid Control/Recovery state pair passing all semantic quality invariants.,FINAL_PROSPECTIVE_STATE_REGISTRY_V4.json
math500_198,YES,FINAL_REGISTERED,Constructed valid Control/Recovery state pair passing all semantic quality invariants.,FINAL_PROSPECTIVE_STATE_REGISTRY_V4.json
math500_199,YES,FINAL_REGISTERED,Constructed valid Control/Recovery state pair passing all semantic quality invariants.,FINAL_PROSPECTIVE_STATE_REGISTRY_V4.json
math500_200,YES,FINAL_REGISTERED,Constructed valid Control/Recovery state pair passing all semantic quality invariants.,FINAL_PROSPECTIVE_STATE_REGISTRY_V4.json
math500_201,YES,FINAL_REGISTERED,Constructed valid Control/Recovery state pair passing all semantic quality invariants.,FINAL_PROSPECTIVE_STATE_REGISTRY_V4.json
math500_202,YES,FINAL_REGISTERED,Constructed valid Control/Recovery state pair passing all semantic quality invariants.,FINAL_PROSPECTIVE_STATE_REGISTRY_V4.json
math500_203,YES,FINAL_REGISTERED,Constructed valid Control/Recovery state pair passing all semantic quality invariants.,FINAL_PROSPECTIVE_STATE_REGISTRY_V4.json
math500_204,YES,FINAL_REGISTERED,Constructed valid Control/Recovery state pair passing all semantic quality invariants.,FINAL_PROSPECTIVE_STATE_REGISTRY_V4.json
math500_205,YES,FINAL_REGISTERED,Constructed valid Control/Recovery state pair passing all semantic quality invariants.,FINAL_PROSPECTIVE_STATE_REGISTRY_V4.json
math500_206,YES,FINAL_REGISTERED,Constructed valid Control/Recovery state pair passing all semantic quality invariants.,FINAL_PROSPECTIVE_STATE_REGISTRY_V4.json
math500_207,YES,FINAL_REGISTERED,Constructed valid Control/Recovery state pair passing all semantic quality invariants.,FINAL_PROSPECTIVE_STATE_REGISTRY_V4.json
math500_208,YES,FINAL_REGISTERED,Constructed valid Control/Recovery state pair passing all semantic quality invariants.,FINAL_PROSPECTIVE_STATE_REGISTRY_V4.json
math500_209,YES,FINAL_REGISTERED,Constructed valid Control/Recovery state pair passing all semantic quality invariants.,FINAL_PROSPECTIVE_STATE_REGISTRY_V4.json
math500_210,YES,FINAL_REGISTERED,Constructed valid Control/Recovery state pair passing all semantic quality invariants.,FINAL_PROSPECTIVE_STATE_REGISTRY_V4.json
math500_211,YES,FINAL_REGISTERED,Constructed valid Control/Recovery state pair passing all semantic quality invariants.,FINAL_PROSPECTIVE_STATE_REGISTRY_V4.json
math500_212,YES,FINAL_REGISTERED,Constructed valid Control/Recovery state pair passing all semantic quality invariants.,FINAL_PROSPECTIVE_STATE_REGISTRY_V4.json
math500_213,YES,FINAL_REGISTERED,Constructed valid Control/Recovery state pair passing all semantic quality invariants.,FINAL_PROSPECTIVE_STATE_REGISTRY_V4.json
math500_214,YES,FINAL_REGISTERED,Constructed valid Control/Recovery state pair passing all semantic quality invariants.,FINAL_PROSPECTIVE_STATE_REGISTRY_V4.json
math500_215,YES,FINAL_REGISTERED,Constructed valid Control/Recovery state pair passing all semantic quality invariants.,FINAL_PROSPECTIVE_STATE_REGISTRY_V4.json
math500_216,YES,FINAL_REGISTERED,Constructed valid Control/Recovery state pair passing all semantic quality invariants.,FINAL_PROSPECTIVE_STATE_REGISTRY_V4.json
math500_217,YES,FINAL_REGISTERED,Constructed valid Control/Recovery state pair passing all semantic quality invariants.,FINAL_PROSPECTIVE_STATE_REGISTRY_V4.json
math500_218,YES,FINAL_REGISTERED,Constructed valid Control/Recovery state pair passing all semantic quality invariants.,FINAL_PROSPECTIVE_STATE_REGISTRY_V4.json
math500_219,YES,FINAL_REGISTERED,Constructed valid Control/Recovery state pair passing all semantic quality invariants.,FINAL_PROSPECTIVE_STATE_REGISTRY_V4.json
math500_220,YES,FINAL_REGISTERED,Constructed valid Control/Recovery state pair passing all semantic quality invariants.,FINAL_PROSPECTIVE_STATE_REGISTRY_V4.json
math500_221,YES,FINAL_REGISTERED,Constructed valid Control/Recovery state pair passing all semantic quality invariants.,FINAL_PROSPECTIVE_STATE_REGISTRY_V4.json
math500_222,YES,FINAL_REGISTERED,Constructed valid Control/Recovery state pair passing all semantic quality invariants.,FINAL_PROSPECTIVE_STATE_REGISTRY_V4.json
math500_223,YES,FINAL_REGISTERED,Constructed valid Control/Recovery state pair passing all semantic quality invariants.,FINAL_PROSPECTIVE_STATE_REGISTRY_V4.json
math500_224,YES,FINAL_REGISTERED,Constructed valid Control/Recovery state pair passing all semantic quality invariants.,FINAL_PROSPECTIVE_STATE_REGISTRY_V4.json
math500_225,YES,FINAL_REGISTERED,Constructed valid Control/Recovery state pair passing all semantic quality invariants.,FINAL_PROSPECTIVE_STATE_REGISTRY_V4.json
math500_228,YES,FINAL_REGISTERED,Constructed valid Control/Recovery state pair passing all semantic quality invariants.,FINAL_PROSPECTIVE_STATE_REGISTRY_V4.json
math500_229,YES,FINAL_REGISTERED,Constructed valid Control/Recovery state pair passing all semantic quality invariants.,FINAL_PROSPECTIVE_STATE_REGISTRY_V4.json
math500_230,YES,FINAL_REGISTERED,Constructed valid Control/Recovery state pair passing all semantic quality invariants.,FINAL_PROSPECTIVE_STATE_REGISTRY_V4.json
math500_231,YES,FINAL_REGISTERED,Constructed valid Control/Recovery state pair passing all semantic quality invariants.,FINAL_PROSPECTIVE_STATE_REGISTRY_V4.json
math500_232,YES,FINAL_REGISTERED,Constructed valid Control/Recovery state pair passing all semantic quality invariants.,FINAL_PROSPECTIVE_STATE_REGISTRY_V4.json
math500_233,YES,FINAL_REGISTERED,Constructed valid Control/Recovery state pair passing all semantic quality invariants.,FINAL_PROSPECTIVE_STATE_REGISTRY_V4.json
math500_234,YES,FINAL_REGISTERED,Constructed valid Control/Recovery state pair passing all semantic quality invariants.,FINAL_PROSPECTIVE_STATE_REGISTRY_V4.json
math500_235,YES,FINAL_REGISTERED,Constructed valid Control/Recovery state pair passing all semantic quality invariants.,FINAL_PROSPECTIVE_STATE_REGISTRY_V4.json
math500_236,YES,FINAL_REGISTERED,Constructed valid Control/Recovery state pair passing all semantic quality invariants.,FINAL_PROSPECTIVE_STATE_REGISTRY_V4.json
math500_237,YES,FINAL_REGISTERED,Constructed valid Control/Recovery state pair passing all semantic quality invariants.,FINAL_PROSPECTIVE_STATE_REGISTRY_V4.json
math500_238,YES,FINAL_REGISTERED,Constructed valid Control/Recovery state pair passing all semantic quality invariants.,FINAL_PROSPECTIVE_STATE_REGISTRY_V4.json
math500_239,YES,FINAL_REGISTERED,Constructed valid Control/Recovery state pair passing all semantic quality invariants.,FINAL_PROSPECTIVE_STATE_REGISTRY_V4.json
math500_240,YES,FINAL_REGISTERED,Constructed valid Control/Recovery state pair passing all semantic quality invariants.,FINAL_PROSPECTIVE_STATE_REGISTRY_V4.json
math500_241,YES,FINAL_REGISTERED,Constructed valid Control/Recovery state pair passing all semantic quality invariants.,FINAL_PROSPECTIVE_STATE_REGISTRY_V4.json
math500_242,YES,FINAL_REGISTERED,Constructed valid Control/Recovery state pair passing all semantic quality invariants.,FINAL_PROSPECTIVE_STATE_REGISTRY_V4.json
math500_243,YES,FINAL_REGISTERED,Constructed valid Control/Recovery state pair passing all semantic quality invariants.,FINAL_PROSPECTIVE_STATE_REGISTRY_V4.json
math500_244,YES,FINAL_REGISTERED,Constructed valid Control/Recovery state pair passing all semantic quality invariants.,FINAL_PROSPECTIVE_STATE_REGISTRY_V4.json
math500_245,YES,FINAL_REGISTERED,Constructed valid Control/Recovery state pair passing all semantic quality invariants.,FINAL_PROSPECTIVE_STATE_REGISTRY_V4.json
math500_246,YES,FINAL_REGISTERED,Constructed valid Control/Recovery state pair passing all semantic quality invariants.,FINAL_PROSPECTIVE_STATE_REGISTRY_V4.json
math500_247,YES,FINAL_REGISTERED,Constructed valid Control/Recovery state pair passing all semantic quality invariants.,FINAL_PROSPECTIVE_STATE_REGISTRY_V4.json
math500_248,YES,FINAL_REGISTERED,Constructed valid Control/Recovery state pair passing all semantic quality invariants.,FINAL_PROSPECTIVE_STATE_REGISTRY_V4.json
math500_249,YES,FINAL_REGISTERED,Constructed valid Control/Recovery state pair passing all semantic quality invariants.,FINAL_PROSPECTIVE_STATE_REGISTRY_V4.json
math500_250,YES,FINAL_REGISTERED,Constructed valid Control/Recovery state pair passing all semantic quality invariants.,FINAL_PROSPECTIVE_STATE_REGISTRY_V4.json
math500_251,YES,FINAL_REGISTERED,Constructed valid Control/Recovery state pair passing all semantic quality invariants.,FINAL_PROSPECTIVE_STATE_REGISTRY_V4.json
math500_252,YES,FINAL_REGISTERED,Constructed valid Control/Recovery state pair passing all semantic quality invariants.,FINAL_PROSPECTIVE_STATE_REGISTRY_V4.json
math500_253,YES,FINAL_REGISTERED,Constructed valid Control/Recovery state pair passing all semantic quality invariants.,FINAL_PROSPECTIVE_STATE_REGISTRY_V4.json
math500_254,YES,FINAL_REGISTERED,Constructed valid Control/Recovery state pair passing all semantic quality invariants.,FINAL_PROSPECTIVE_STATE_REGISTRY_V4.json
math500_255,YES,FINAL_REGISTERED,Constructed valid Control/Recovery state pair passing all semantic quality invariants.,FINAL_PROSPECTIVE_STATE_REGISTRY_V4.json
math500_256,YES,FINAL_REGISTERED,Constructed valid Control/Recovery state pair passing all semantic quality invariants.,FINAL_PROSPECTIVE_STATE_REGISTRY_V4.json
math500_257,YES,FINAL_REGISTERED,Constructed valid Control/Recovery state pair passing all semantic quality invariants.,FINAL_PROSPECTIVE_STATE_REGISTRY_V4.json
math500_258,YES,FINAL_REGISTERED,Constructed valid Control/Recovery state pair passing all semantic quality invariants.,FINAL_PROSPECTIVE_STATE_REGISTRY_V4.json
math500_259,YES,FINAL_REGISTERED,Constructed valid Control/Recovery state pair passing all semantic quality invariants.,FINAL_PROSPECTIVE_STATE_REGISTRY_V4.json
math500_260,YES,FINAL_REGISTERED,Constructed valid Control/Recovery state pair passing all semantic quality invariants.,FINAL_PROSPECTIVE_STATE_REGISTRY_V4.json
math500_261,YES,FINAL_REGISTERED,Constructed valid Control/Recovery state pair passing all semantic quality invariants.,FINAL_PROSPECTIVE_STATE_REGISTRY_V4.json
math500_262,YES,FINAL_REGISTERED,Constructed valid Control/Recovery state pair passing all semantic quality invariants.,FINAL_PROSPECTIVE_STATE_REGISTRY_V4.json
math500_263,YES,FINAL_REGISTERED,Constructed valid Control/Recovery state pair passing all semantic quality invariants.,FINAL_PROSPECTIVE_STATE_REGISTRY_V4.json
math500_264,YES,FINAL_REGISTERED,Constructed valid Control/Recovery state pair passing all semantic quality invariants.,FINAL_PROSPECTIVE_STATE_REGISTRY_V4.json
math500_265,YES,FINAL_REGISTERED,Constructed valid Control/Recovery state pair passing all semantic quality invariants.,FINAL_PROSPECTIVE_STATE_REGISTRY_V4.json
math500_266,YES,FINAL_REGISTERED,Constructed valid Control/Recovery state pair passing all semantic quality invariants.,FINAL_PROSPECTIVE_STATE_REGISTRY_V4.json
math500_267,YES,FINAL_REGISTERED,Constructed valid Control/Recovery state pair passing all semantic quality invariants.,FINAL_PROSPECTIVE_STATE_REGISTRY_V4.json
math500_269,YES,FINAL_REGISTERED,Constructed valid Control/Recovery state pair passing all semantic quality invariants.,FINAL_PROSPECTIVE_STATE_REGISTRY_V4.json
math500_270,YES,FINAL_REGISTERED,Constructed valid Control/Recovery state pair passing all semantic quality invariants.,FINAL_PROSPECTIVE_STATE_REGISTRY_V4.json
math500_271,YES,FINAL_REGISTERED,Constructed valid Control/Recovery state pair passing all semantic quality invariants.,FINAL_PROSPECTIVE_STATE_REGISTRY_V4.json
math500_272,YES,FINAL_REGISTERED,Constructed valid Control/Recovery state pair passing all semantic quality invariants.,FINAL_PROSPECTIVE_STATE_REGISTRY_V4.json
math500_273,NO,NO_EFFECT_MUTATION,Target step contains complex formatting tags or boxed calculation line failing boundary checks.,MATH500_PRIMARY_CONSERVATIVE_POOL.json
math500_274,YES,FINAL_REGISTERED,Constructed valid Control/Recovery state pair passing all semantic quality invariants.,FINAL_PROSPECTIVE_STATE_REGISTRY_V4.json
math500_275,YES,FINAL_REGISTERED,Constructed valid Control/Recovery state pair passing all semantic quality invariants.,FINAL_PROSPECTIVE_STATE_REGISTRY_V4.json
math500_276,YES,FINAL_REGISTERED,Constructed valid Control/Recovery state pair passing all semantic quality invariants.,FINAL_PROSPECTIVE_STATE_REGISTRY_V4.json
math500_277,YES,FINAL_REGISTERED,Constructed valid Control/Recovery state pair passing all semantic quality invariants.,FINAL_PROSPECTIVE_STATE_REGISTRY_V4.json
math500_278,YES,FINAL_REGISTERED,Constructed valid Control/Recovery state pair passing all semantic quality invariants.,FINAL_PROSPECTIVE_STATE_REGISTRY_V4.json
math500_279,YES,FINAL_REGISTERED,Constructed valid Control/Recovery state pair passing all semantic quality invariants.,FINAL_PROSPECTIVE_STATE_REGISTRY_V4.json
math500_280,YES,FINAL_REGISTERED,Constructed valid Control/Recovery state pair passing all semantic quality invariants.,FINAL_PROSPECTIVE_STATE_REGISTRY_V4.json
math500_281,YES,FINAL_REGISTERED,Constructed valid Control/Recovery state pair passing all semantic quality invariants.,FINAL_PROSPECTIVE_STATE_REGISTRY_V4.json
math500_282,YES,FINAL_REGISTERED,Constructed valid Control/Recovery state pair passing all semantic quality invariants.,FINAL_PROSPECTIVE_STATE_REGISTRY_V4.json
math500_283,YES,FINAL_REGISTERED,Constructed valid Control/Recovery state pair passing all semantic quality invariants.,FINAL_PROSPECTIVE_STATE_REGISTRY_V4.json
math500_284,YES,FINAL_REGISTERED,Constructed valid Control/Recovery state pair passing all semantic quality invariants.,FINAL_PROSPECTIVE_STATE_REGISTRY_V4.json
math500_286,YES,FINAL_REGISTERED,Constructed valid Control/Recovery state pair passing all semantic quality invariants.,FINAL_PROSPECTIVE_STATE_REGISTRY_V4.json
math500_287,YES,FINAL_REGISTERED,Constructed valid Control/Recovery state pair passing all semantic quality invariants.,FINAL_PROSPECTIVE_STATE_REGISTRY_V4.json
math500_288,YES,FINAL_REGISTERED,Constructed valid Control/Recovery state pair passing all semantic quality invariants.,FINAL_PROSPECTIVE_STATE_REGISTRY_V4.json
math500_289,YES,FINAL_REGISTERED,Constructed valid Control/Recovery state pair passing all semantic quality invariants.,FINAL_PROSPECTIVE_STATE_REGISTRY_V4.json
math500_290,YES,FINAL_REGISTERED,Constructed valid Control/Recovery state pair passing all semantic quality invariants.,FINAL_PROSPECTIVE_STATE_REGISTRY_V4.json
math500_291,YES,FINAL_REGISTERED,Constructed valid Control/Recovery state pair passing all semantic quality invariants.,FINAL_PROSPECTIVE_STATE_REGISTRY_V4.json
math500_293,YES,FINAL_REGISTERED,Constructed valid Control/Recovery state pair passing all semantic quality invariants.,FINAL_PROSPECTIVE_STATE_REGISTRY_V4.json
math500_294,YES,FINAL_REGISTERED,Constructed valid Control/Recovery state pair passing all semantic quality invariants.,FINAL_PROSPECTIVE_STATE_REGISTRY_V4.json
math500_295,YES,FINAL_REGISTERED,Constructed valid Control/Recovery state pair passing all semantic quality invariants.,FINAL_PROSPECTIVE_STATE_REGISTRY_V4.json
math500_296,YES,FINAL_REGISTERED,Constructed valid Control/Recovery state pair passing all semantic quality invariants.,FINAL_PROSPECTIVE_STATE_REGISTRY_V4.json
math500_297,YES,FINAL_REGISTERED,Constructed valid Control/Recovery state pair passing all semantic quality invariants.,FINAL_PROSPECTIVE_STATE_REGISTRY_V4.json
math500_298,YES,FINAL_REGISTERED,Constructed valid Control/Recovery state pair passing all semantic quality invariants.,FINAL_PROSPECTIVE_STATE_REGISTRY_V4.json
math500_299,YES,FINAL_REGISTERED,Constructed valid Control/Recovery state pair passing all semantic quality invariants.,FINAL_PROSPECTIVE_STATE_REGISTRY_V4.json
math500_300,YES,FINAL_REGISTERED,Constructed valid Control/Recovery state pair passing all semantic quality invariants.,FINAL_PROSPECTIVE_STATE_REGISTRY_V4.json
math500_301,YES,FINAL_REGISTERED,Constructed valid Control/Recovery state pair passing all semantic quality invariants.,FINAL_PROSPECTIVE_STATE_REGISTRY_V4.json
math500_302,YES,FINAL_REGISTERED,Constructed valid Control/Recovery state pair passing all semantic quality invariants.,FINAL_PROSPECTIVE_STATE_REGISTRY_V4.json
math500_303,YES,FINAL_REGISTERED,Constructed valid Control/Recovery state pair passing all semantic quality invariants.,FINAL_PROSPECTIVE_STATE_REGISTRY_V4.json
math500_304,YES,FINAL_REGISTERED,Constructed valid Control/Recovery state pair passing all semantic quality invariants.,FINAL_PROSPECTIVE_STATE_REGISTRY_V4.json
math500_305,YES,FINAL_REGISTERED,Constructed valid Control/Recovery state pair passing all semantic quality invariants.,FINAL_PROSPECTIVE_STATE_REGISTRY_V4.json
math500_306,YES,FINAL_REGISTERED,Constructed valid Control/Recovery state pair passing all semantic quality invariants.,FINAL_PROSPECTIVE_STATE_REGISTRY_V4.json
math500_307,YES,FINAL_REGISTERED,Constructed valid Control/Recovery state pair passing all semantic quality invariants.,FINAL_PROSPECTIVE_STATE_REGISTRY_V4.json
math500_308,YES,FINAL_REGISTERED,Constructed valid Control/Recovery state pair passing all semantic quality invariants.,FINAL_PROSPECTIVE_STATE_REGISTRY_V4.json
math500_309,YES,FINAL_REGISTERED,Constructed valid Control/Recovery state pair passing all semantic quality invariants.,FINAL_PROSPECTIVE_STATE_REGISTRY_V4.json
math500_310,YES,FINAL_REGISTERED,Constructed valid Control/Recovery state pair passing all semantic quality invariants.,FINAL_PROSPECTIVE_STATE_REGISTRY_V4.json
math500_312,YES,FINAL_REGISTERED,Constructed valid Control/Recovery state pair passing all semantic quality invariants.,FINAL_PROSPECTIVE_STATE_REGISTRY_V4.json
math500_313,YES,FINAL_REGISTERED,Constructed valid Control/Recovery state pair passing all semantic quality invariants.,FINAL_PROSPECTIVE_STATE_REGISTRY_V4.json
math500_314,YES,FINAL_REGISTERED,Constructed valid Control/Recovery state pair passing all semantic quality invariants.,FINAL_PROSPECTIVE_STATE_REGISTRY_V4.json
math500_315,YES,FINAL_REGISTERED,Constructed valid Control/Recovery state pair passing all semantic quality invariants.,FINAL_PROSPECTIVE_STATE_REGISTRY_V4.json
math500_316,YES,FINAL_REGISTERED,Constructed valid Control/Recovery state pair passing all semantic quality invariants.,FINAL_PROSPECTIVE_STATE_REGISTRY_V4.json
math500_317,YES,FINAL_REGISTERED,Constructed valid Control/Recovery state pair passing all semantic quality invariants.,FINAL_PROSPECTIVE_STATE_REGISTRY_V4.json
math500_318,YES,FINAL_REGISTERED,Constructed valid Control/Recovery state pair passing all semantic quality invariants.,FINAL_PROSPECTIVE_STATE_REGISTRY_V4.json
math500_319,YES,FINAL_REGISTERED,Constructed valid Control/Recovery state pair passing all semantic quality invariants.,FINAL_PROSPECTIVE_STATE_REGISTRY_V4.json
math500_320,YES,FINAL_REGISTERED,Constructed valid Control/Recovery state pair passing all semantic quality invariants.,FINAL_PROSPECTIVE_STATE_REGISTRY_V4.json
math500_321,YES,FINAL_REGISTERED,Constructed valid Control/Recovery state pair passing all semantic quality invariants.,FINAL_PROSPECTIVE_STATE_REGISTRY_V4.json
math500_322,YES,FINAL_REGISTERED,Constructed valid Control/Recovery state pair passing all semantic quality invariants.,FINAL_PROSPECTIVE_STATE_REGISTRY_V4.json
math500_323,YES,FINAL_REGISTERED,Constructed valid Control/Recovery state pair passing all semantic quality invariants.,FINAL_PROSPECTIVE_STATE_REGISTRY_V4.json
math500_324,YES,FINAL_REGISTERED,Constructed valid Control/Recovery state pair passing all semantic quality invariants.,FINAL_PROSPECTIVE_STATE_REGISTRY_V4.json
math500_325,YES,FINAL_REGISTERED,Constructed valid Control/Recovery state pair passing all semantic quality invariants.,FINAL_PROSPECTIVE_STATE_REGISTRY_V4.json
math500_326,YES,FINAL_REGISTERED,Constructed valid Control/Recovery state pair passing all semantic quality invariants.,FINAL_PROSPECTIVE_STATE_REGISTRY_V4.json
math500_327,YES,FINAL_REGISTERED,Constructed valid Control/Recovery state pair passing all semantic quality invariants.,FINAL_PROSPECTIVE_STATE_REGISTRY_V4.json
math500_328,YES,FINAL_REGISTERED,Constructed valid Control/Recovery state pair passing all semantic quality invariants.,FINAL_PROSPECTIVE_STATE_REGISTRY_V4.json
math500_329,YES,FINAL_REGISTERED,Constructed valid Control/Recovery state pair passing all semantic quality invariants.,FINAL_PROSPECTIVE_STATE_REGISTRY_V4.json
math500_330,YES,FINAL_REGISTERED,Constructed valid Control/Recovery state pair passing all semantic quality invariants.,FINAL_PROSPECTIVE_STATE_REGISTRY_V4.json
math500_331,YES,FINAL_REGISTERED,Constructed valid Control/Recovery state pair passing all semantic quality invariants.,FINAL_PROSPECTIVE_STATE_REGISTRY_V4.json
math500_332,YES,FINAL_REGISTERED,Constructed valid Control/Recovery state pair passing all semantic quality invariants.,FINAL_PROSPECTIVE_STATE_REGISTRY_V4.json
math500_333,YES,FINAL_REGISTERED,Constructed valid Control/Recovery state pair passing all semantic quality invariants.,FINAL_PROSPECTIVE_STATE_REGISTRY_V4.json
math500_334,YES,FINAL_REGISTERED,Constructed valid Control/Recovery state pair passing all semantic quality invariants.,FINAL_PROSPECTIVE_STATE_REGISTRY_V4.json
math500_335,YES,FINAL_REGISTERED,Constructed valid Control/Recovery state pair passing all semantic quality invariants.,FINAL_PROSPECTIVE_STATE_REGISTRY_V4.json
math500_337,YES,FINAL_REGISTERED,Constructed valid Control/Recovery state pair passing all semantic quality invariants.,FINAL_PROSPECTIVE_STATE_REGISTRY_V4.json
math500_338,YES,FINAL_REGISTERED,Constructed valid Control/Recovery state pair passing all semantic quality invariants.,FINAL_PROSPECTIVE_STATE_REGISTRY_V4.json
math500_339,YES,FINAL_REGISTERED,Constructed valid Control/Recovery state pair passing all semantic quality invariants.,FINAL_PROSPECTIVE_STATE_REGISTRY_V4.json
math500_340,YES,FINAL_REGISTERED,Constructed valid Control/Recovery state pair passing all semantic quality invariants.,FINAL_PROSPECTIVE_STATE_REGISTRY_V4.json
math500_341,YES,FINAL_REGISTERED,Constructed valid Control/Recovery state pair passing all semantic quality invariants.,FINAL_PROSPECTIVE_STATE_REGISTRY_V4.json
math500_342,YES,FINAL_REGISTERED,Constructed valid Control/Recovery state pair passing all semantic quality invariants.,FINAL_PROSPECTIVE_STATE_REGISTRY_V4.json
math500_343,YES,FINAL_REGISTERED,Constructed valid Control/Recovery state pair passing all semantic quality invariants.,FINAL_PROSPECTIVE_STATE_REGISTRY_V4.json
math500_344,YES,FINAL_REGISTERED,Constructed valid Control/Recovery state pair passing all semantic quality invariants.,FINAL_PROSPECTIVE_STATE_REGISTRY_V4.json
math500_345,YES,FINAL_REGISTERED,Constructed valid Control/Recovery state pair passing all semantic quality invariants.,FINAL_PROSPECTIVE_STATE_REGISTRY_V4.json
math500_346,YES,FINAL_REGISTERED,Constructed valid Control/Recovery state pair passing all semantic quality invariants.,FINAL_PROSPECTIVE_STATE_REGISTRY_V4.json
math500_347,YES,FINAL_REGISTERED,Constructed valid Control/Recovery state pair passing all semantic quality invariants.,FINAL_PROSPECTIVE_STATE_REGISTRY_V4.json
math500_349,YES,FINAL_REGISTERED,Constructed valid Control/Recovery state pair passing all semantic quality invariants.,FINAL_PROSPECTIVE_STATE_REGISTRY_V4.json
math500_350,YES,FINAL_REGISTERED,Constructed valid Control/Recovery state pair passing all semantic quality invariants.,FINAL_PROSPECTIVE_STATE_REGISTRY_V4.json
math500_351,YES,FINAL_REGISTERED,Constructed valid Control/Recovery state pair passing all semantic quality invariants.,FINAL_PROSPECTIVE_STATE_REGISTRY_V4.json
math500_352,YES,FINAL_REGISTERED,Constructed valid Control/Recovery state pair passing all semantic quality invariants.,FINAL_PROSPECTIVE_STATE_REGISTRY_V4.json
math500_353,YES,FINAL_REGISTERED,Constructed valid Control/Recovery state pair passing all semantic quality invariants.,FINAL_PROSPECTIVE_STATE_REGISTRY_V4.json
math500_354,YES,FINAL_REGISTERED,Constructed valid Control/Recovery state pair passing all semantic quality invariants.,FINAL_PROSPECTIVE_STATE_REGISTRY_V4.json
math500_355,YES,FINAL_REGISTERED,Constructed valid Control/Recovery state pair passing all semantic quality invariants.,FINAL_PROSPECTIVE_STATE_REGISTRY_V4.json
math500_356,YES,FINAL_REGISTERED,Constructed valid Control/Recovery state pair passing all semantic quality invariants.,FINAL_PROSPECTIVE_STATE_REGISTRY_V4.json
math500_357,YES,FINAL_REGISTERED,Constructed valid Control/Recovery state pair passing all semantic quality invariants.,FINAL_PROSPECTIVE_STATE_REGISTRY_V4.json
math500_358,YES,FINAL_REGISTERED,Constructed valid Control/Recovery state pair passing all semantic quality invariants.,FINAL_PROSPECTIVE_STATE_REGISTRY_V4.json
math500_359,YES,FINAL_REGISTERED,Constructed valid Control/Recovery state pair passing all semantic quality invariants.,FINAL_PROSPECTIVE_STATE_REGISTRY_V4.json
math500_360,YES,FINAL_REGISTERED,Constructed valid Control/Recovery state pair passing all semantic quality invariants.,FINAL_PROSPECTIVE_STATE_REGISTRY_V4.json
math500_361,YES,FINAL_REGISTERED,Constructed valid Control/Recovery state pair passing all semantic quality invariants.,FINAL_PROSPECTIVE_STATE_REGISTRY_V4.json
math500_362,NO,NO_EFFECT_MUTATION,Target step contains complex formatting tags or boxed calculation line failing boundary checks.,MATH500_PRIMARY_CONSERVATIVE_POOL.json
math500_363,YES,FINAL_REGISTERED,Constructed valid Control/Recovery state pair passing all semantic quality invariants.,FINAL_PROSPECTIVE_STATE_REGISTRY_V4.json
math500_364,YES,FINAL_REGISTERED,Constructed valid Control/Recovery state pair passing all semantic quality invariants.,FINAL_PROSPECTIVE_STATE_REGISTRY_V4.json
math500_365,YES,FINAL_REGISTERED,Constructed valid Control/Recovery state pair passing all semantic quality invariants.,FINAL_PROSPECTIVE_STATE_REGISTRY_V4.json
math500_366,YES,FINAL_REGISTERED,Constructed valid Control/Recovery state pair passing all semantic quality invariants.,FINAL_PROSPECTIVE_STATE_REGISTRY_V4.json
math500_367,YES,FINAL_REGISTERED,Constructed valid Control/Recovery state pair passing all semantic quality invariants.,FINAL_PROSPECTIVE_STATE_REGISTRY_V4.json
math500_368,YES,FINAL_REGISTERED,Constructed valid Control/Recovery state pair passing all semantic quality invariants.,FINAL_PROSPECTIVE_STATE_REGISTRY_V4.json
math500_369,YES,FINAL_REGISTERED,Constructed valid Control/Recovery state pair passing all semantic quality invariants.,FINAL_PROSPECTIVE_STATE_REGISTRY_V4.json
math500_370,YES,FINAL_REGISTERED,Constructed valid Control/Recovery state pair passing all semantic quality invariants.,FINAL_PROSPECTIVE_STATE_REGISTRY_V4.json
math500_371,YES,FINAL_REGISTERED,Constructed valid Control/Recovery state pair passing all semantic quality invariants.,FINAL_PROSPECTIVE_STATE_REGISTRY_V4.json
math500_372,YES,FINAL_REGISTERED,Constructed valid Control/Recovery state pair passing all semantic quality invariants.,FINAL_PROSPECTIVE_STATE_REGISTRY_V4.json
math500_373,YES,FINAL_REGISTERED,Constructed valid Control/Recovery state pair passing all semantic quality invariants.,FINAL_PROSPECTIVE_STATE_REGISTRY_V4.json
math500_374,YES,FINAL_REGISTERED,Constructed valid Control/Recovery state pair passing all semantic quality invariants.,FINAL_PROSPECTIVE_STATE_REGISTRY_V4.json
math500_375,YES,FINAL_REGISTERED,Constructed valid Control/Recovery state pair passing all semantic quality invariants.,FINAL_PROSPECTIVE_STATE_REGISTRY_V4.json
math500_376,YES,FINAL_REGISTERED,Constructed valid Control/Recovery state pair passing all semantic quality invariants.,FINAL_PROSPECTIVE_STATE_REGISTRY_V4.json
math500_377,YES,FINAL_REGISTERED,Constructed valid Control/Recovery state pair passing all semantic quality invariants.,FINAL_PROSPECTIVE_STATE_REGISTRY_V4.json
math500_378,YES,FINAL_REGISTERED,Constructed valid Control/Recovery state pair passing all semantic quality invariants.,FINAL_PROSPECTIVE_STATE_REGISTRY_V4.json
math500_379,YES,FINAL_REGISTERED,Constructed valid Control/Recovery state pair passing all semantic quality invariants.,FINAL_PROSPECTIVE_STATE_REGISTRY_V4.json
math500_380,YES,FINAL_REGISTERED,Constructed valid Control/Recovery state pair passing all semantic quality invariants.,FINAL_PROSPECTIVE_STATE_REGISTRY_V4.json
math500_381,YES,FINAL_REGISTERED,Constructed valid Control/Recovery state pair passing all semantic quality invariants.,FINAL_PROSPECTIVE_STATE_REGISTRY_V4.json
math500_382,YES,FINAL_REGISTERED,Constructed valid Control/Recovery state pair passing all semantic quality invariants.,FINAL_PROSPECTIVE_STATE_REGISTRY_V4.json
math500_383,YES,FINAL_REGISTERED,Constructed valid Control/Recovery state pair passing all semantic quality invariants.,FINAL_PROSPECTIVE_STATE_REGISTRY_V4.json
math500_384,YES,FINAL_REGISTERED,Constructed valid Control/Recovery state pair passing all semantic quality invariants.,FINAL_PROSPECTIVE_STATE_REGISTRY_V4.json
math500_385,YES,FINAL_REGISTERED,Constructed valid Control/Recovery state pair passing all semantic quality invariants.,FINAL_PROSPECTIVE_STATE_REGISTRY_V4.json
math500_386,YES,FINAL_REGISTERED,Constructed valid Control/Recovery state pair passing all semantic quality invariants.,FINAL_PROSPECTIVE_STATE_REGISTRY_V4.json
math500_387,YES,FINAL_REGISTERED,Constructed valid Control/Recovery state pair passing all semantic quality invariants.,FINAL_PROSPECTIVE_STATE_REGISTRY_V4.json
math500_388,YES,FINAL_REGISTERED,Constructed valid Control/Recovery state pair passing all semantic quality invariants.,FINAL_PROSPECTIVE_STATE_REGISTRY_V4.json
math500_389,YES,FINAL_REGISTERED,Constructed valid Control/Recovery state pair passing all semantic quality invariants.,FINAL_PROSPECTIVE_STATE_REGISTRY_V4.json
math500_390,YES,FINAL_REGISTERED,Constructed valid Control/Recovery state pair passing all semantic quality invariants.,FINAL_PROSPECTIVE_STATE_REGISTRY_V4.json
math500_391,YES,FINAL_REGISTERED,Constructed valid Control/Recovery state pair passing all semantic quality invariants.,FINAL_PROSPECTIVE_STATE_REGISTRY_V4.json
math500_392,YES,FINAL_REGISTERED,Constructed valid Control/Recovery state pair passing all semantic quality invariants.,FINAL_PROSPECTIVE_STATE_REGISTRY_V4.json
math500_393,YES,FINAL_REGISTERED,Constructed valid Control/Recovery state pair passing all semantic quality invariants.,FINAL_PROSPECTIVE_STATE_REGISTRY_V4.json
math500_394,YES,FINAL_REGISTERED,Constructed valid Control/Recovery state pair passing all semantic quality invariants.,FINAL_PROSPECTIVE_STATE_REGISTRY_V4.json
math500_395,YES,FINAL_REGISTERED,Constructed valid Control/Recovery state pair passing all semantic quality invariants.,FINAL_PROSPECTIVE_STATE_REGISTRY_V4.json
math500_396,YES,FINAL_REGISTERED,Constructed valid Control/Recovery state pair passing all semantic quality invariants.,FINAL_PROSPECTIVE_STATE_REGISTRY_V4.json
math500_397,YES,FINAL_REGISTERED,Constructed valid Control/Recovery state pair passing all semantic quality invariants.,FINAL_PROSPECTIVE_STATE_REGISTRY_V4.json
math500_398,YES,FINAL_REGISTERED,Constructed valid Control/Recovery state pair passing all semantic quality invariants.,FINAL_PROSPECTIVE_STATE_REGISTRY_V4.json
math500_399,YES,FINAL_REGISTERED,Constructed valid Control/Recovery state pair passing all semantic quality invariants.,FINAL_PROSPECTIVE_STATE_REGISTRY_V4.json
math500_400,YES,FINAL_REGISTERED,Constructed valid Control/Recovery state pair passing all semantic quality invariants.,FINAL_PROSPECTIVE_STATE_REGISTRY_V4.json
math500_401,YES,FINAL_REGISTERED,Constructed valid Control/Recovery state pair passing all semantic quality invariants.,FINAL_PROSPECTIVE_STATE_REGISTRY_V4.json
math500_402,YES,FINAL_REGISTERED,Constructed valid Control/Recovery state pair passing all semantic quality invariants.,FINAL_PROSPECTIVE_STATE_REGISTRY_V4.json
math500_403,YES,FINAL_REGISTERED,Constructed valid Control/Recovery state pair passing all semantic quality invariants.,FINAL_PROSPECTIVE_STATE_REGISTRY_V4.json
math500_404,YES,FINAL_REGISTERED,Constructed valid Control/Recovery state pair passing all semantic quality invariants.,FINAL_PROSPECTIVE_STATE_REGISTRY_V4.json
math500_405,YES,FINAL_REGISTERED,Constructed valid Control/Recovery state pair passing all semantic quality invariants.,FINAL_PROSPECTIVE_STATE_REGISTRY_V4.json
math500_406,YES,FINAL_REGISTERED,Constructed valid Control/Recovery state pair passing all semantic quality invariants.,FINAL_PROSPECTIVE_STATE_REGISTRY_V4.json
math500_407,YES,FINAL_REGISTERED,Constructed valid Control/Recovery state pair passing all semantic quality invariants.,FINAL_PROSPECTIVE_STATE_REGISTRY_V4.json
math500_408,YES,FINAL_REGISTERED,Constructed valid Control/Recovery state pair passing all semantic quality invariants.,FINAL_PROSPECTIVE_STATE_REGISTRY_V4.json
math500_409,YES,FINAL_REGISTERED,Constructed valid Control/Recovery state pair passing all semantic quality invariants.,FINAL_PROSPECTIVE_STATE_REGISTRY_V4.json
math500_410,YES,FINAL_REGISTERED,Constructed valid Control/Recovery state pair passing all semantic quality invariants.,FINAL_PROSPECTIVE_STATE_REGISTRY_V4.json
math500_411,YES,FINAL_REGISTERED,Constructed valid Control/Recovery state pair passing all semantic quality invariants.,FINAL_PROSPECTIVE_STATE_REGISTRY_V4.json
math500_413,YES,FINAL_REGISTERED,Constructed valid Control/Recovery state pair passing all semantic quality invariants.,FINAL_PROSPECTIVE_STATE_REGISTRY_V4.json
math500_414,YES,FINAL_REGISTERED,Constructed valid Control/Recovery state pair passing all semantic quality invariants.,FINAL_PROSPECTIVE_STATE_REGISTRY_V4.json
math500_416,YES,FINAL_REGISTERED,Constructed valid Control/Recovery state pair passing all semantic quality invariants.,FINAL_PROSPECTIVE_STATE_REGISTRY_V4.json
math500_417,YES,FINAL_REGISTERED,Constructed valid Control/Recovery state pair passing all semantic quality invariants.,FINAL_PROSPECTIVE_STATE_REGISTRY_V4.json
math500_418,YES,FINAL_REGISTERED,Constructed valid Control/Recovery state pair passing all semantic quality invariants.,FINAL_PROSPECTIVE_STATE_REGISTRY_V4.json
math500_419,YES,FINAL_REGISTERED,Constructed valid Control/Recovery state pair passing all semantic quality invariants.,FINAL_PROSPECTIVE_STATE_REGISTRY_V4.json
math500_420,YES,FINAL_REGISTERED,Constructed valid Control/Recovery state pair passing all semantic quality invariants.,FINAL_PROSPECTIVE_STATE_REGISTRY_V4.json
math500_421,YES,FINAL_REGISTERED,Constructed valid Control/Recovery state pair passing all semantic quality invariants.,FINAL_PROSPECTIVE_STATE_REGISTRY_V4.json
math500_422,YES,FINAL_REGISTERED,Constructed valid Control/Recovery state pair passing all semantic quality invariants.,FINAL_PROSPECTIVE_STATE_REGISTRY_V4.json
math500_423,YES,FINAL_REGISTERED,Constructed valid Control/Recovery state pair passing all semantic quality invariants.,FINAL_PROSPECTIVE_STATE_REGISTRY_V4.json
math500_425,YES,FINAL_REGISTERED,Constructed valid Control/Recovery state pair passing all semantic quality invariants.,FINAL_PROSPECTIVE_STATE_REGISTRY_V4.json
math500_426,YES,FINAL_REGISTERED,Constructed valid Control/Recovery state pair passing all semantic quality invariants.,FINAL_PROSPECTIVE_STATE_REGISTRY_V4.json
math500_427,YES,FINAL_REGISTERED,Constructed valid Control/Recovery state pair passing all semantic quality invariants.,FINAL_PROSPECTIVE_STATE_REGISTRY_V4.json
math500_428,YES,FINAL_REGISTERED,Constructed valid Control/Recovery state pair passing all semantic quality invariants.,FINAL_PROSPECTIVE_STATE_REGISTRY_V4.json
math500_429,YES,FINAL_REGISTERED,Constructed valid Control/Recovery state pair passing all semantic quality invariants.,FINAL_PROSPECTIVE_STATE_REGISTRY_V4.json
math500_430,YES,FINAL_REGISTERED,Constructed valid Control/Recovery state pair passing all semantic quality invariants.,FINAL_PROSPECTIVE_STATE_REGISTRY_V4.json
math500_432,YES,FINAL_REGISTERED,Constructed valid Control/Recovery state pair passing all semantic quality invariants.,FINAL_PROSPECTIVE_STATE_REGISTRY_V4.json
math500_433,YES,FINAL_REGISTERED,Constructed valid Control/Recovery state pair passing all semantic quality invariants.,FINAL_PROSPECTIVE_STATE_REGISTRY_V4.json
math500_434,YES,FINAL_REGISTERED,Constructed valid Control/Recovery state pair passing all semantic quality invariants.,FINAL_PROSPECTIVE_STATE_REGISTRY_V4.json
math500_435,YES,FINAL_REGISTERED,Constructed valid Control/Recovery state pair passing all semantic quality invariants.,FINAL_PROSPECTIVE_STATE_REGISTRY_V4.json
math500_436,YES,FINAL_REGISTERED,Constructed valid Control/Recovery state pair passing all semantic quality invariants.,FINAL_PROSPECTIVE_STATE_REGISTRY_V4.json
math500_437,YES,FINAL_REGISTERED,Constructed valid Control/Recovery state pair passing all semantic quality invariants.,FINAL_PROSPECTIVE_STATE_REGISTRY_V4.json
math500_438,YES,FINAL_REGISTERED,Constructed valid Control/Recovery state pair passing all semantic quality invariants.,FINAL_PROSPECTIVE_STATE_REGISTRY_V4.json
math500_439,YES,FINAL_REGISTERED,Constructed valid Control/Recovery state pair passing all semantic quality invariants.,FINAL_PROSPECTIVE_STATE_REGISTRY_V4.json
math500_440,YES,FINAL_REGISTERED,Constructed valid Control/Recovery state pair passing all semantic quality invariants.,FINAL_PROSPECTIVE_STATE_REGISTRY_V4.json
math500_441,YES,FINAL_REGISTERED,Constructed valid Control/Recovery state pair passing all semantic quality invariants.,FINAL_PROSPECTIVE_STATE_REGISTRY_V4.json
math500_442,YES,FINAL_REGISTERED,Constructed valid Control/Recovery state pair passing all semantic quality invariants.,FINAL_PROSPECTIVE_STATE_REGISTRY_V4.json
math500_443,YES,FINAL_REGISTERED,Constructed valid Control/Recovery state pair passing all semantic quality invariants.,FINAL_PROSPECTIVE_STATE_REGISTRY_V4.json
math500_444,YES,FINAL_REGISTERED,Constructed valid Control/Recovery state pair passing all semantic quality invariants.,FINAL_PROSPECTIVE_STATE_REGISTRY_V4.json
math500_445,YES,FINAL_REGISTERED,Constructed valid Control/Recovery state pair passing all semantic quality invariants.,FINAL_PROSPECTIVE_STATE_REGISTRY_V4.json
math500_447,YES,FINAL_REGISTERED,Constructed valid Control/Recovery state pair passing all semantic quality invariants.,FINAL_PROSPECTIVE_STATE_REGISTRY_V4.json
math500_448,YES,FINAL_REGISTERED,Constructed valid Control/Recovery state pair passing all semantic quality invariants.,FINAL_PROSPECTIVE_STATE_REGISTRY_V4.json
math500_449,YES,FINAL_REGISTERED,Constructed valid Control/Recovery state pair passing all semantic quality invariants.,FINAL_PROSPECTIVE_STATE_REGISTRY_V4.json
math500_450,YES,FINAL_REGISTERED,Constructed valid Control/Recovery state pair passing all semantic quality invariants.,FINAL_PROSPECTIVE_STATE_REGISTRY_V4.json
math500_451,YES,FINAL_REGISTERED,Constructed valid Control/Recovery state pair passing all semantic quality invariants.,FINAL_PROSPECTIVE_STATE_REGISTRY_V4.json
math500_452,YES,FINAL_REGISTERED,Constructed valid Control/Recovery state pair passing all semantic quality invariants.,FINAL_PROSPECTIVE_STATE_REGISTRY_V4.json
math500_453,YES,FINAL_REGISTERED,Constructed valid Control/Recovery state pair passing all semantic quality invariants.,FINAL_PROSPECTIVE_STATE_REGISTRY_V4.json
math500_454,YES,FINAL_REGISTERED,Constructed valid Control/Recovery state pair passing all semantic quality invariants.,FINAL_PROSPECTIVE_STATE_REGISTRY_V4.json
math500_455,YES,FINAL_REGISTERED,Constructed valid Control/Recovery state pair passing all semantic quality invariants.,FINAL_PROSPECTIVE_STATE_REGISTRY_V4.json
math500_456,YES,FINAL_REGISTERED,Constructed valid Control/Recovery state pair passing all semantic quality invariants.,FINAL_PROSPECTIVE_STATE_REGISTRY_V4.json
math500_457,YES,FINAL_REGISTERED,Constructed valid Control/Recovery state pair passing all semantic quality invariants.,FINAL_PROSPECTIVE_STATE_REGISTRY_V4.json
math500_458,YES,FINAL_REGISTERED,Constructed valid Control/Recovery state pair passing all semantic quality invariants.,FINAL_PROSPECTIVE_STATE_REGISTRY_V4.json
math500_459,YES,FINAL_REGISTERED,Constructed valid Control/Recovery state pair passing all semantic quality invariants.,FINAL_PROSPECTIVE_STATE_REGISTRY_V4.json
math500_460,YES,FINAL_REGISTERED,Constructed valid Control/Recovery state pair passing all semantic quality invariants.,FINAL_PROSPECTIVE_STATE_REGISTRY_V4.json
math500_461,YES,FINAL_REGISTERED,Constructed valid Control/Recovery state pair passing all semantic quality invariants.,FINAL_PROSPECTIVE_STATE_REGISTRY_V4.json
math500_462,YES,FINAL_REGISTERED,Constructed valid Control/Recovery state pair passing all semantic quality invariants.,FINAL_PROSPECTIVE_STATE_REGISTRY_V4.json
math500_463,YES,FINAL_REGISTERED,Constructed valid Control/Recovery state pair passing all semantic quality invariants.,FINAL_PROSPECTIVE_STATE_REGISTRY_V4.json
math500_464,YES,FINAL_REGISTERED,Constructed valid Control/Recovery state pair passing all semantic quality invariants.,FINAL_PROSPECTIVE_STATE_REGISTRY_V4.json
math500_465,YES,FINAL_REGISTERED,Constructed valid Control/Recovery state pair passing all semantic quality invariants.,FINAL_PROSPECTIVE_STATE_REGISTRY_V4.json
math500_466,YES,FINAL_REGISTERED,Constructed valid Control/Recovery state pair passing all semantic quality invariants.,FINAL_PROSPECTIVE_STATE_REGISTRY_V4.json
math500_467,YES,FINAL_REGISTERED,Constructed valid Control/Recovery state pair passing all semantic quality invariants.,FINAL_PROSPECTIVE_STATE_REGISTRY_V4.json
math500_468,YES,FINAL_REGISTERED,Constructed valid Control/Recovery state pair passing all semantic quality invariants.,FINAL_PROSPECTIVE_STATE_REGISTRY_V4.json
math500_469,YES,FINAL_REGISTERED,Constructed valid Control/Recovery state pair passing all semantic quality invariants.,FINAL_PROSPECTIVE_STATE_REGISTRY_V4.json
math500_470,YES,FINAL_REGISTERED,Constructed valid Control/Recovery state pair passing all semantic quality invariants.,FINAL_PROSPECTIVE_STATE_REGISTRY_V4.json
math500_471,YES,FINAL_REGISTERED,Constructed valid Control/Recovery state pair passing all semantic quality invariants.,FINAL_PROSPECTIVE_STATE_REGISTRY_V4.json
math500_472,YES,FINAL_REGISTERED,Constructed valid Control/Recovery state pair passing all semantic quality invariants.,FINAL_PROSPECTIVE_STATE_REGISTRY_V4.json
math500_473,YES,FINAL_REGISTERED,Constructed valid Control/Recovery state pair passing all semantic quality invariants.,FINAL_PROSPECTIVE_STATE_REGISTRY_V4.json
math500_474,YES,FINAL_REGISTERED,Constructed valid Control/Recovery state pair passing all semantic quality invariants.,FINAL_PROSPECTIVE_STATE_REGISTRY_V4.json
math500_475,YES,FINAL_REGISTERED,Constructed valid Control/Recovery state pair passing all semantic quality invariants.,FINAL_PROSPECTIVE_STATE_REGISTRY_V4.json
math500_476,YES,FINAL_REGISTERED,Constructed valid Control/Recovery state pair passing all semantic quality invariants.,FINAL_PROSPECTIVE_STATE_REGISTRY_V4.json
math500_477,YES,FINAL_REGISTERED,Constructed valid Control/Recovery state pair passing all semantic quality invariants.,FINAL_PROSPECTIVE_STATE_REGISTRY_V4.json
math500_478,YES,FINAL_REGISTERED,Constructed valid Control/Recovery state pair passing all semantic quality invariants.,FINAL_PROSPECTIVE_STATE_REGISTRY_V4.json
math500_479,YES,FINAL_REGISTERED,Constructed valid Control/Recovery state pair passing all semantic quality invariants.,FINAL_PROSPECTIVE_STATE_REGISTRY_V4.json
math500_480,YES,FINAL_REGISTERED,Constructed valid Control/Recovery state pair passing all semantic quality invariants.,FINAL_PROSPECTIVE_STATE_REGISTRY_V4.json
math500_481,YES,FINAL_REGISTERED,Constructed valid Control/Recovery state pair passing all semantic quality invariants.,FINAL_PROSPECTIVE_STATE_REGISTRY_V4.json
math500_482,YES,FINAL_REGISTERED,Constructed valid Control/Recovery state pair passing all semantic quality invariants.,FINAL_PROSPECTIVE_STATE_REGISTRY_V4.json
math500_483,YES,FINAL_REGISTERED,Constructed valid Control/Recovery state pair passing all semantic quality invariants.,FINAL_PROSPECTIVE_STATE_REGISTRY_V4.json
math500_484,YES,FINAL_REGISTERED,Constructed valid Control/Recovery state pair passing all semantic quality invariants.,FINAL_PROSPECTIVE_STATE_REGISTRY_V4.json
math500_485,YES,FINAL_REGISTERED,Constructed valid Control/Recovery state pair passing all semantic quality invariants.,FINAL_PROSPECTIVE_STATE_REGISTRY_V4.json
math500_486,YES,FINAL_REGISTERED,Constructed valid Control/Recovery state pair passing all semantic quality invariants.,FINAL_PROSPECTIVE_STATE_REGISTRY_V4.json
math500_487,YES,FINAL_REGISTERED,Constructed valid Control/Recovery state pair passing all semantic quality invariants.,FINAL_PROSPECTIVE_STATE_REGISTRY_V4.json
math500_488,YES,FINAL_REGISTERED,Constructed valid Control/Recovery state pair passing all semantic quality invariants.,FINAL_PROSPECTIVE_STATE_REGISTRY_V4.json
math500_489,YES,FINAL_REGISTERED,Constructed valid Control/Recovery state pair passing all semantic quality invariants.,FINAL_PROSPECTIVE_STATE_REGISTRY_V4.json
math500_490,YES,FINAL_REGISTERED,Constructed valid Control/Recovery state pair passing all semantic quality invariants.,FINAL_PROSPECTIVE_STATE_REGISTRY_V4.json
math500_491,YES,FINAL_REGISTERED,Constructed valid Control/Recovery state pair passing all semantic quality invariants.,FINAL_PROSPECTIVE_STATE_REGISTRY_V4.json
math500_493,YES,FINAL_REGISTERED,Constructed valid Control/Recovery state pair passing all semantic quality invariants.,FINAL_PROSPECTIVE_STATE_REGISTRY_V4.json
math500_494,YES,FINAL_REGISTERED,Constructed valid Control/Recovery state pair passing all semantic quality invariants.,FINAL_PROSPECTIVE_STATE_REGISTRY_V4.json
math500_495,YES,FINAL_REGISTERED,Constructed valid Control/Recovery state pair passing all semantic quality invariants.,FINAL_PROSPECTIVE_STATE_REGISTRY_V4.json
math500_496,YES,FINAL_REGISTERED,Constructed valid Control/Recovery state pair passing all semantic quality invariants.,FINAL_PROSPECTIVE_STATE_REGISTRY_V4.json
math500_497,YES,FINAL_REGISTERED,Constructed valid Control/Recovery state pair passing all semantic quality invariants.,FINAL_PROSPECTIVE_STATE_REGISTRY_V4.json
math500_498,YES,FINAL_REGISTERED,Constructed valid Control/Recovery state pair passing all semantic quality invariants.,FINAL_PROSPECTIVE_STATE_REGISTRY_V4.json
math500_499,YES,FINAL_REGISTERED,Constructed valid Control/Recovery state pair passing all semantic quality invariants.,FINAL_PROSPECTIVE_STATE_REGISTRY_V4.json
