problem_id,terminal_stage,exact_exclusion_reason
math500_001,FINAL_REGISTERED,Successfully constructed Control and Recovery state pair passing all semantic quality invariants.
math500_002,FINAL_REGISTERED,Successfully constructed Control and Recovery state pair passing all semantic quality invariants.
math500_003,FINAL_REGISTERED,Successfully constructed Control and Recovery state pair passing all semantic quality invariants.
math500_004,NO_VERIFIABLE_TRANSITION,Solution contains conceptual prose comparing distances without verifiable math equations.
math500_005,FINAL_REGISTERED,Successfully constructed Control and Recovery state pair passing all semantic quality invariants.
math500_006,FINAL_REGISTERED,Successfully constructed Control and Recovery state pair passing all semantic quality invariants.
math500_007,FINAL_REGISTERED,Successfully constructed Control and Recovery state pair passing all semantic quality invariants.
math500_008,FINAL_REGISTERED,Successfully constructed Control and Recovery state pair passing all semantic quality invariants.
math500_009,FINAL_REGISTERED,Successfully constructed Control and Recovery state pair passing all semantic quality invariants.
math500_010,FINAL_REGISTERED,Successfully constructed Control and Recovery state pair passing all semantic quality invariants.
math500_011,FINAL_REGISTERED,Successfully constructed Control and Recovery state pair passing all semantic quality invariants.
math500_012,FINAL_REGISTERED,Successfully constructed Control and Recovery state pair passing all semantic quality invariants.
math500_013,FINAL_REGISTERED,Successfully constructed Control and Recovery state pair passing all semantic quality invariants.
math500_014,FINAL_REGISTERED,Successfully constructed Control and Recovery state pair passing all semantic quality invariants.
math500_015,FINAL_REGISTERED,Successfully constructed Control and Recovery state pair passing all semantic quality invariants.
math500_016,FINAL_REGISTERED,Successfully constructed Control and Recovery state pair passing all semantic quality invariants.
math500_018,FINAL_REGISTERED,Successfully constructed Control and Recovery state pair passing all semantic quality invariants.
math500_019,FINAL_REGISTERED,Successfully constructed Control and Recovery state pair passing all semantic quality invariants.
math500_020,FINAL_REGISTERED,Successfully constructed Control and Recovery state pair passing all semantic quality invariants.
math500_021,FINAL_REGISTERED,Successfully constructed Control and Recovery state pair passing all semantic quality invariants.
math500_022,FINAL_REGISTERED,Successfully constructed Control and Recovery state pair passing all semantic quality invariants.
math500_023,FINAL_REGISTERED,Successfully constructed Control and Recovery state pair passing all semantic quality invariants.
math500_024,FINAL_REGISTERED,Successfully constructed Control and Recovery state pair passing all semantic quality invariants.
math500_025,FINAL_REGISTERED,Successfully constructed Control and Recovery state pair passing all semantic quality invariants.
math500_026,FINAL_REGISTERED,Successfully constructed Control and Recovery state pair passing all semantic quality invariants.
math500_027,FINAL_REGISTERED,Successfully constructed Control and Recovery state pair passing all semantic quality invariants.
math500_028,FINAL_REGISTERED,Successfully constructed Control and Recovery state pair passing all semantic quality invariants.
math500_029,FINAL_REGISTERED,Successfully constructed Control and Recovery state pair passing all semantic quality invariants.
math500_030,FINAL_REGISTERED,Successfully constructed Control and Recovery state pair passing all semantic quality invariants.
math500_032,FINAL_REGISTERED,Successfully constructed Control and Recovery state pair passing all semantic quality invariants.
math500_033,FINAL_REGISTERED,Successfully constructed Control and Recovery state pair passing all semantic quality invariants.
math500_034,FINAL_REGISTERED,Successfully constructed Control and Recovery state pair passing all semantic quality invariants.
math500_035,FINAL_REGISTERED,Successfully constructed Control and Recovery state pair passing all semantic quality invariants.
math500_036,FINAL_REGISTERED,Successfully constructed Control and Recovery state pair passing all semantic quality invariants.
math500_037,FINAL_REGISTERED,Successfully constructed Control and Recovery state pair passing all semantic quality invariants.
math500_038,FINAL_REGISTERED,Successfully constructed Control and Recovery state pair passing all semantic quality invariants.
math500_039,FINAL_REGISTERED,Successfully constructed Control and Recovery state pair passing all semantic quality invariants.
math500_040,FINAL_REGISTERED,Successfully constructed Control and Recovery state pair passing all semantic quality invariants.
math500_041,FINAL_REGISTERED,Successfully constructed Control and Recovery state pair passing all semantic quality invariants.
math500_042,FINAL_REGISTERED,Successfully constructed Control and Recovery state pair passing all semantic quality invariants.
math500_043,FINAL_REGISTERED,Successfully constructed Control and Recovery state pair passing all semantic quality invariants.
math500_044,FINAL_REGISTERED,Successfully constructed Control and Recovery state pair passing all semantic quality invariants.
math500_045,FINAL_REGISTERED,Successfully constructed Control and Recovery state pair passing all semantic quality invariants.
math500_046,FINAL_REGISTERED,Successfully constructed Control and Recovery state pair passing all semantic quality invariants.
math500_047,FINAL_REGISTERED,Successfully constructed Control and Recovery state pair passing all semantic quality invariants.
math500_048,FINAL_REGISTERED,Successfully constructed Control and Recovery state pair passing all semantic quality invariants.
math500_049,FINAL_REGISTERED,Successfully constructed Control and Recovery state pair passing all semantic quality invariants.
math500_050,FINAL_REGISTERED,Successfully constructed Control and Recovery state pair passing all semantic quality invariants.
math500_051,FINAL_REGISTERED,Successfully constructed Control and Recovery state pair passing all semantic quality invariants.
math500_052,FINAL_REGISTERED,Successfully constructed Control and Recovery state pair passing all semantic quality invariants.
math500_055,FINAL_REGISTERED,Successfully constructed Control and Recovery state pair passing all semantic quality invariants.
math500_056,FINAL_REGISTERED,Successfully constructed Control and Recovery state pair passing all semantic quality invariants.
math500_057,FINAL_REGISTERED,Successfully constructed Control and Recovery state pair passing all semantic quality invariants.
math500_058,FINAL_REGISTERED,Successfully constructed Control and Recovery state pair passing all semantic quality invariants.
math500_059,FINAL_REGISTERED,Successfully constructed Control and Recovery state pair passing all semantic quality invariants.
math500_060,FINAL_REGISTERED,Successfully constructed Control and Recovery state pair passing all semantic quality invariants.
math500_061,FINAL_REGISTERED,Successfully constructed Control and Recovery state pair passing all semantic quality invariants.
math500_062,FINAL_REGISTERED,Successfully constructed Control and Recovery state pair passing all semantic quality invariants.
math500_063,FINAL_REGISTERED,Successfully constructed Control and Recovery state pair passing all semantic quality invariants.
math500_064,FINAL_REGISTERED,Successfully constructed Control and Recovery state pair passing all semantic quality invariants.
math500_065,FINAL_REGISTERED,Successfully constructed Control and Recovery state pair passing all semantic quality invariants.
math500_066,FINAL_REGISTERED,Successfully constructed Control and Recovery state pair passing all semantic quality invariants.
math500_067,FINAL_REGISTERED,Successfully constructed Control and Recovery state pair passing all semantic quality invariants.
math500_068,FINAL_REGISTERED,Successfully constructed Control and Recovery state pair passing all semantic quality invariants.
math500_069,FINAL_REGISTERED,Successfully constructed Control and Recovery state pair passing all semantic quality invariants.
math500_070,FINAL_REGISTERED,Successfully constructed Control and Recovery state pair passing all semantic quality invariants.
math500_071,FINAL_REGISTERED,Successfully constructed Control and Recovery state pair passing all semantic quality invariants.
math500_072,FINAL_REGISTERED,Successfully constructed Control and Recovery state pair passing all semantic quality invariants.
math500_073,FINAL_REGISTERED,Successfully constructed Control and Recovery state pair passing all semantic quality invariants.
math500_074,FINAL_REGISTERED,Successfully constructed Control and Recovery state pair passing all semantic quality invariants.
math500_075,FINAL_REGISTERED,Successfully constructed Control and Recovery state pair passing all semantic quality invariants.
math500_076,FINAL_REGISTERED,Successfully constructed Control and Recovery state pair passing all semantic quality invariants.
math500_077,FINAL_REGISTERED,Successfully constructed Control and Recovery state pair passing all semantic quality invariants.
math500_078,FINAL_REGISTERED,Successfully constructed Control and Recovery state pair passing all semantic quality invariants.
math500_079,FINAL_REGISTERED,Successfully constructed Control and Recovery state pair passing all semantic quality invariants.
math500_081,FINAL_REGISTERED,Successfully constructed Control and Recovery state pair passing all semantic quality invariants.
math500_082,FINAL_REGISTERED,Successfully constructed Control and Recovery state pair passing all semantic quality invariants.
math500_083,FINAL_REGISTERED,Successfully constructed Control and Recovery state pair passing all semantic quality invariants.
math500_084,FINAL_REGISTERED,Successfully constructed Control and Recovery state pair passing all semantic quality invariants.
math500_085,FINAL_REGISTERED,Successfully constructed Control and Recovery state pair passing all semantic quality invariants.
math500_086,FINAL_REGISTERED,Successfully constructed Control and Recovery state pair passing all semantic quality invariants.
math500_088,FINAL_REGISTERED,Successfully constructed Control and Recovery state pair passing all semantic quality invariants.
math500_089,FINAL_REGISTERED,Successfully constructed Control and Recovery state pair passing all semantic quality invariants.
math500_090,FINAL_REGISTERED,Successfully constructed Control and Recovery state pair passing all semantic quality invariants.
math500_091,FINAL_REGISTERED,Successfully constructed Control and Recovery state pair passing all semantic quality invariants.
math500_092,FINAL_REGISTERED,Successfully constructed Control and Recovery state pair passing all semantic quality invariants.
math500_093,FINAL_REGISTERED,Successfully constructed Control and Recovery state pair passing all semantic quality invariants.
math500_094,FINAL_REGISTERED,Successfully constructed Control and Recovery state pair passing all semantic quality invariants.
math500_095,FINAL_REGISTERED,Successfully constructed Control and Recovery state pair passing all semantic quality invariants.
math500_096,FINAL_REGISTERED,Successfully constructed Control and Recovery state pair passing all semantic quality invariants.
math500_097,FINAL_REGISTERED,Successfully constructed Control and Recovery state pair passing all semantic quality invariants.
math500_098,FINAL_REGISTERED,Successfully constructed Control and Recovery state pair passing all semantic quality invariants.
math500_099,FINAL_REGISTERED,Successfully constructed Control and Recovery state pair passing all semantic quality invariants.
math500_100,FINAL_REGISTERED,Successfully constructed Control and Recovery state pair passing all semantic quality invariants.
math500_101,FINAL_REGISTERED,Successfully constructed Control and Recovery state pair passing all semantic quality invariants.
math500_102,FINAL_REGISTERED,Successfully constructed Control and Recovery state pair passing all semantic quality invariants.
math500_103,FINAL_REGISTERED,Successfully constructed Control and Recovery state pair passing all semantic quality invariants.
math500_104,FINAL_REGISTERED,Successfully constructed Control and Recovery state pair passing all semantic quality invariants.
math500_105,FINAL_REGISTERED,Successfully constructed Control and Recovery state pair passing all semantic quality invariants.
math500_106,FINAL_REGISTERED,Successfully constructed Control and Recovery state pair passing all semantic quality invariants.
math500_107,FINAL_REGISTERED,Successfully constructed Control and Recovery state pair passing all semantic quality invariants.
math500_108,FINAL_REGISTERED,Successfully constructed Control and Recovery state pair passing all semantic quality invariants.
math500_109,FINAL_REGISTERED,Successfully constructed Control and Recovery state pair passing all semantic quality invariants.
math500_111,FINAL_REGISTERED,Successfully constructed Control and Recovery state pair passing all semantic quality invariants.
math500_112,FINAL_REGISTERED,Successfully constructed Control and Recovery state pair passing all semantic quality invariants.
math500_113,FINAL_REGISTERED,Successfully constructed Control and Recovery state pair passing all semantic quality invariants.
math500_114,FINAL_REGISTERED,Successfully constructed Control and Recovery state pair passing all semantic quality invariants.
math500_116,FINAL_REGISTERED,Successfully constructed Control and Recovery state pair passing all semantic quality invariants.
math500_117,FINAL_REGISTERED,Successfully constructed Control and Recovery state pair passing all semantic quality invariants.
math500_118,FINAL_REGISTERED,Successfully constructed Control and Recovery state pair passing all semantic quality invariants.
math500_119,FINAL_REGISTERED,Successfully constructed Control and Recovery state pair passing all semantic quality invariants.
math500_120,FINAL_REGISTERED,Successfully constructed Control and Recovery state pair passing all semantic quality invariants.
math500_121,FINAL_REGISTERED,Successfully constructed Control and Recovery state pair passing all semantic quality invariants.
math500_124,FINAL_REGISTERED,Successfully constructed Control and Recovery state pair passing all semantic quality invariants.
math500_125,FINAL_REGISTERED,Successfully constructed Control and Recovery state pair passing all semantic quality invariants.
math500_126,FINAL_REGISTERED,Successfully constructed Control and Recovery state pair passing all semantic quality invariants.
math500_127,FINAL_REGISTERED,Successfully constructed Control and Recovery state pair passing all semantic quality invariants.
math500_128,FINAL_REGISTERED,Successfully constructed Control and Recovery state pair passing all semantic quality invariants.
math500_129,FINAL_REGISTERED,Successfully constructed Control and Recovery state pair passing all semantic quality invariants.
math500_130,FINAL_REGISTERED,Successfully constructed Control and Recovery state pair passing all semantic quality invariants.
math500_131,FINAL_REGISTERED,Successfully constructed Control and Recovery state pair passing all semantic quality invariants.
math500_132,FINAL_REGISTERED,Successfully constructed Control and Recovery state pair passing all semantic quality invariants.
math500_133,FINAL_REGISTERED,Successfully constructed Control and Recovery state pair passing all semantic quality invariants.
math500_134,FINAL_REGISTERED,Successfully constructed Control and Recovery state pair passing all semantic quality invariants.
math500_135,FINAL_REGISTERED,Successfully constructed Control and Recovery state pair passing all semantic quality invariants.
math500_136,FINAL_REGISTERED,Successfully constructed Control and Recovery state pair passing all semantic quality invariants.
math500_137,FINAL_REGISTERED,Successfully constructed Control and Recovery state pair passing all semantic quality invariants.
math500_138,FINAL_REGISTERED,Successfully constructed Control and Recovery state pair passing all semantic quality invariants.
math500_139,FINAL_REGISTERED,Successfully constructed Control and Recovery state pair passing all semantic quality invariants.
math500_140,FINAL_REGISTERED,Successfully constructed Control and Recovery state pair passing all semantic quality invariants.
math500_141,FINAL_REGISTERED,Successfully constructed Control and Recovery state pair passing all semantic quality invariants.
math500_142,FINAL_REGISTERED,Successfully constructed Control and Recovery state pair passing all semantic quality invariants.
math500_143,FINAL_REGISTERED,Successfully constructed Control and Recovery state pair passing all semantic quality invariants.
math500_144,FINAL_REGISTERED,Successfully constructed Control and Recovery state pair passing all semantic quality invariants.
math500_145,FINAL_REGISTERED,Successfully constructed Control and Recovery state pair passing all semantic quality invariants.
math500_146,FINAL_REGISTERED,Successfully constructed Control and Recovery state pair passing all semantic quality invariants.
math500_147,FINAL_REGISTERED,Successfully constructed Control and Recovery state pair passing all semantic quality invariants.
math500_148,FINAL_REGISTERED,Successfully constructed Control and Recovery state pair passing all semantic quality invariants.
math500_149,FINAL_REGISTERED,Successfully constructed Control and Recovery state pair passing all semantic quality invariants.
math500_150,FINAL_REGISTERED,Successfully constructed Control and Recovery state pair passing all semantic quality invariants.
math500_151,FINAL_REGISTERED,Successfully constructed Control and Recovery state pair passing all semantic quality invariants.
math500_152,FINAL_REGISTERED,Successfully constructed Control and Recovery state pair passing all semantic quality invariants.
math500_153,FINAL_REGISTERED,Successfully constructed Control and Recovery state pair passing all semantic quality invariants.
math500_154,FINAL_REGISTERED,Successfully constructed Control and Recovery state pair passing all semantic quality invariants.
math500_156,FINAL_REGISTERED,Successfully constructed Control and Recovery state pair passing all semantic quality invariants.
math500_157,FINAL_REGISTERED,Successfully constructed Control and Recovery state pair passing all semantic quality invariants.
math500_158,FINAL_REGISTERED,Successfully constructed Control and Recovery state pair passing all semantic quality invariants.
math500_159,FINAL_REGISTERED,Successfully constructed Control and Recovery state pair passing all semantic quality invariants.
math500_160,FINAL_REGISTERED,Successfully constructed Control and Recovery state pair passing all semantic quality invariants.
math500_161,FINAL_REGISTERED,Successfully constructed Control and Recovery state pair passing all semantic quality invariants.
math500_162,FINAL_REGISTERED,Successfully constructed Control and Recovery state pair passing all semantic quality invariants.
math500_163,FINAL_REGISTERED,Successfully constructed Control and Recovery state pair passing all semantic quality invariants.
math500_164,FINAL_REGISTERED,Successfully constructed Control and Recovery state pair passing all semantic quality invariants.
math500_165,FINAL_REGISTERED,Successfully constructed Control and Recovery state pair passing all semantic quality invariants.
math500_166,FINAL_REGISTERED,Successfully constructed Control and Recovery state pair passing all semantic quality invariants.
math500_167,FINAL_REGISTERED,Successfully constructed Control and Recovery state pair passing all semantic quality invariants.
math500_168,FINAL_REGISTERED,Successfully constructed Control and Recovery state pair passing all semantic quality invariants.
math500_169,FINAL_REGISTERED,Successfully constructed Control and Recovery state pair passing all semantic quality invariants.
math500_170,FINAL_REGISTERED,Successfully constructed Control and Recovery state pair passing all semantic quality invariants.
math500_171,FINAL_REGISTERED,Successfully constructed Control and Recovery state pair passing all semantic quality invariants.
math500_172,FINAL_REGISTERED,Successfully constructed Control and Recovery state pair passing all semantic quality invariants.
math500_173,FINAL_REGISTERED,Successfully constructed Control and Recovery state pair passing all semantic quality invariants.
math500_174,FINAL_REGISTERED,Successfully constructed Control and Recovery state pair passing all semantic quality invariants.
math500_175,FINAL_REGISTERED,Successfully constructed Control and Recovery state pair passing all semantic quality invariants.
math500_176,FINAL_REGISTERED,Successfully constructed Control and Recovery state pair passing all semantic quality invariants.
math500_177,FINAL_REGISTERED,Successfully constructed Control and Recovery state pair passing all semantic quality invariants.
math500_178,FINAL_REGISTERED,Successfully constructed Control and Recovery state pair passing all semantic quality invariants.
math500_179,FINAL_REGISTERED,Successfully constructed Control and Recovery state pair passing all semantic quality invariants.
math500_180,FINAL_REGISTERED,Successfully constructed Control and Recovery state pair passing all semantic quality invariants.
math500_181,FINAL_REGISTERED,Successfully constructed Control and Recovery state pair passing all semantic quality invariants.
math500_182,FINAL_REGISTERED,Successfully constructed Control and Recovery state pair passing all semantic quality invariants.
math500_184,FINAL_REGISTERED,Successfully constructed Control and Recovery state pair passing all semantic quality invariants.
math500_185,FINAL_REGISTERED,Successfully constructed Control and Recovery state pair passing all semantic quality invariants.
math500_186,FINAL_REGISTERED,Successfully constructed Control and Recovery state pair passing all semantic quality invariants.
math500_187,FINAL_REGISTERED,Successfully constructed Control and Recovery state pair passing all semantic quality invariants.
math500_188,FINAL_REGISTERED,Successfully constructed Control and Recovery state pair passing all semantic quality invariants.
math500_189,FINAL_REGISTERED,Successfully constructed Control and Recovery state pair passing all semantic quality invariants.
math500_190,FINAL_REGISTERED,Successfully constructed Control and Recovery state pair passing all semantic quality invariants.
math500_191,FINAL_REGISTERED,Successfully constructed Control and Recovery state pair passing all semantic quality invariants.
math500_192,FINAL_REGISTERED,Successfully constructed Control and Recovery state pair passing all semantic quality invariants.
math500_194,FINAL_REGISTERED,Successfully constructed Control and Recovery state pair passing all semantic quality invariants.
math500_195,FINAL_REGISTERED,Successfully constructed Control and Recovery state pair passing all semantic quality invariants.
math500_197,FINAL_REGISTERED,Successfully constructed Control and Recovery state pair passing all semantic quality invariants.
math500_198,FINAL_REGISTERED,Successfully constructed Control and Recovery state pair passing all semantic quality invariants.
math500_199,FINAL_REGISTERED,Successfully constructed Control and Recovery state pair passing all semantic quality invariants.
math500_200,FINAL_REGISTERED,Successfully constructed Control and Recovery state pair passing all semantic quality invariants.
math500_201,FINAL_REGISTERED,Successfully constructed Control and Recovery state pair passing all semantic quality invariants.
math500_202,FINAL_REGISTERED,Successfully constructed Control and Recovery state pair passing all semantic quality invariants.
math500_203,FINAL_REGISTERED,Successfully constructed Control and Recovery state pair passing all semantic quality invariants.
math500_204,FINAL_REGISTERED,Successfully constructed Control and Recovery state pair passing all semantic quality invariants.
math500_205,FINAL_REGISTERED,Successfully constructed Control and Recovery state pair passing all semantic quality invariants.
math500_206,FINAL_REGISTERED,Successfully constructed Control and Recovery state pair passing all semantic quality invariants.
math500_207,FINAL_REGISTERED,Successfully constructed Control and Recovery state pair passing all semantic quality invariants.
math500_208,FINAL_REGISTERED,Successfully constructed Control and Recovery state pair passing all semantic quality invariants.
math500_209,FINAL_REGISTERED,Successfully constructed Control and Recovery state pair passing all semantic quality invariants.
math500_210,FINAL_REGISTERED,Successfully constructed Control and Recovery state pair passing all semantic quality invariants.
math500_211,FINAL_REGISTERED,Successfully constructed Control and Recovery state pair passing all semantic quality invariants.
math500_212,FINAL_REGISTERED,Successfully constructed Control and Recovery state pair passing all semantic quality invariants.
math500_213,FINAL_REGISTERED,Successfully constructed Control and Recovery state pair passing all semantic quality invariants.
math500_214,FINAL_REGISTERED,Successfully constructed Control and Recovery state pair passing all semantic quality invariants.
math500_215,FINAL_REGISTERED,Successfully constructed Control and Recovery state pair passing all semantic quality invariants.
math500_216,FINAL_REGISTERED,Successfully constructed Control and Recovery state pair passing all semantic quality invariants.
math500_217,FINAL_REGISTERED,Successfully constructed Control and Recovery state pair passing all semantic quality invariants.
math500_218,FINAL_REGISTERED,Successfully constructed Control and Recovery state pair passing all semantic quality invariants.
math500_219,FINAL_REGISTERED,Successfully constructed Control and Recovery state pair passing all semantic quality invariants.
math500_220,FINAL_REGISTERED,Successfully constructed Control and Recovery state pair passing all semantic quality invariants.
math500_221,FINAL_REGISTERED,Successfully constructed Control and Recovery state pair passing all semantic quality invariants.
math500_222,FINAL_REGISTERED,Successfully constructed Control and Recovery state pair passing all semantic quality invariants.
math500_223,FINAL_REGISTERED,Successfully constructed Control and Recovery state pair passing all semantic quality invariants.
math500_224,FINAL_REGISTERED,Successfully constructed Control and Recovery state pair passing all semantic quality invariants.
math500_225,FINAL_REGISTERED,Successfully constructed Control and Recovery state pair passing all semantic quality invariants.
math500_228,FINAL_REGISTERED,Successfully constructed Control and Recovery state pair passing all semantic quality invariants.
math500_229,FINAL_REGISTERED,Successfully constructed Control and Recovery state pair passing all semantic quality invariants.
math500_230,FINAL_REGISTERED,Successfully constructed Control and Recovery state pair passing all semantic quality invariants.
math500_231,FINAL_REGISTERED,Successfully constructed Control and Recovery state pair passing all semantic quality invariants.
math500_232,FINAL_REGISTERED,Successfully constructed Control and Recovery state pair passing all semantic quality invariants.
math500_233,FINAL_REGISTERED,Successfully constructed Control and Recovery state pair passing all semantic quality invariants.
math500_234,FINAL_REGISTERED,Successfully constructed Control and Recovery state pair passing all semantic quality invariants.
math500_235,FINAL_REGISTERED,Successfully constructed Control and Recovery state pair passing all semantic quality invariants.
math500_236,FINAL_REGISTERED,Successfully constructed Control and Recovery state pair passing all semantic quality invariants.
math500_237,FINAL_REGISTERED,Successfully constructed Control and Recovery state pair passing all semantic quality invariants.
math500_238,FINAL_REGISTERED,Successfully constructed Control and Recovery state pair passing all semantic quality invariants.
math500_239,FINAL_REGISTERED,Successfully constructed Control and Recovery state pair passing all semantic quality invariants.
math500_240,FINAL_REGISTERED,Successfully constructed Control and Recovery state pair passing all semantic quality invariants.
math500_241,FINAL_REGISTERED,Successfully constructed Control and Recovery state pair passing all semantic quality invariants.
math500_242,FINAL_REGISTERED,Successfully constructed Control and Recovery state pair passing all semantic quality invariants.
math500_243,FINAL_REGISTERED,Successfully constructed Control and Recovery state pair passing all semantic quality invariants.
math500_244,FINAL_REGISTERED,Successfully constructed Control and Recovery state pair passing all semantic quality invariants.
math500_245,FINAL_REGISTERED,Successfully constructed Control and Recovery state pair passing all semantic quality invariants.
math500_246,FINAL_REGISTERED,Successfully constructed Control and Recovery state pair passing all semantic quality invariants.
math500_247,FINAL_REGISTERED,Successfully constructed Control and Recovery state pair passing all semantic quality invariants.
math500_248,FINAL_REGISTERED,Successfully constructed Control and Recovery state pair passing all semantic quality invariants.
math500_249,FINAL_REGISTERED,Successfully constructed Control and Recovery state pair passing all semantic quality invariants.
math500_250,FINAL_REGISTERED,Successfully constructed Control and Recovery state pair passing all semantic quality invariants.
math500_251,FINAL_REGISTERED,Successfully constructed Control and Recovery state pair passing all semantic quality invariants.
math500_252,FINAL_REGISTERED,Successfully constructed Control and Recovery state pair passing all semantic quality invariants.
math500_253,FINAL_REGISTERED,Successfully constructed Control and Recovery state pair passing all semantic quality invariants.
math500_254,FINAL_REGISTERED,Successfully constructed Control and Recovery state pair passing all semantic quality invariants.
math500_255,FINAL_REGISTERED,Successfully constructed Control and Recovery state pair passing all semantic quality invariants.
math500_256,FINAL_REGISTERED,Successfully constructed Control and Recovery state pair passing all semantic quality invariants.
math500_257,FINAL_REGISTERED,Successfully constructed Control and Recovery state pair passing all semantic quality invariants.
math500_258,FINAL_REGISTERED,Successfully constructed Control and Recovery state pair passing all semantic quality invariants.
math500_259,FINAL_REGISTERED,Successfully constructed Control and Recovery state pair passing all semantic quality invariants.
math500_260,FINAL_REGISTERED,Successfully constructed Control and Recovery state pair passing all semantic quality invariants.
math500_261,FINAL_REGISTERED,Successfully constructed Control and Recovery state pair passing all semantic quality invariants.
math500_262,FINAL_REGISTERED,Successfully constructed Control and Recovery state pair passing all semantic quality invariants.
math500_263,FINAL_REGISTERED,Successfully constructed Control and Recovery state pair passing all semantic quality invariants.
math500_264,FINAL_REGISTERED,Successfully constructed Control and Recovery state pair passing all semantic quality invariants.
math500_265,FINAL_REGISTERED,Successfully constructed Control and Recovery state pair passing all semantic quality invariants.
math500_266,FINAL_REGISTERED,Successfully constructed Control and Recovery state pair passing all semantic quality invariants.
math500_267,FINAL_REGISTERED,Successfully constructed Control and Recovery state pair passing all semantic quality invariants.
math500_269,FINAL_REGISTERED,Successfully constructed Control and Recovery state pair passing all semantic quality invariants.
math500_270,FINAL_REGISTERED,Successfully constructed Control and Recovery state pair passing all semantic quality invariants.
math500_271,FINAL_REGISTERED,Successfully constructed Control and Recovery state pair passing all semantic quality invariants.
math500_272,FINAL_REGISTERED,Successfully constructed Control and Recovery state pair passing all semantic quality invariants.
math500_273,NO_EFFECT_MUTATION,Target equation step contains complex formatting tags that mutate into identical string or fail boundary checks.
math500_274,FINAL_REGISTERED,Successfully constructed Control and Recovery state pair passing all semantic quality invariants.
math500_275,FINAL_REGISTERED,Successfully constructed Control and Recovery state pair passing all semantic quality invariants.
math500_276,FINAL_REGISTERED,Successfully constructed Control and Recovery state pair passing all semantic quality invariants.
math500_277,FINAL_REGISTERED,Successfully constructed Control and Recovery state pair passing all semantic quality invariants.
math500_278,FINAL_REGISTERED,Successfully constructed Control and Recovery state pair passing all semantic quality invariants.
math500_279,FINAL_REGISTERED,Successfully constructed Control and Recovery state pair passing all semantic quality invariants.
math500_280,FINAL_REGISTERED,Successfully constructed Control and Recovery state pair passing all semantic quality invariants.
math500_281,FINAL_REGISTERED,Successfully constructed Control and Recovery state pair passing all semantic quality invariants.
math500_282,FINAL_REGISTERED,Successfully constructed Control and Recovery state pair passing all semantic quality invariants.
math500_283,FINAL_REGISTERED,Successfully constructed Control and Recovery state pair passing all semantic quality invariants.
math500_284,FINAL_REGISTERED,Successfully constructed Control and Recovery state pair passing all semantic quality invariants.
math500_286,FINAL_REGISTERED,Successfully constructed Control and Recovery state pair passing all semantic quality invariants.
math500_287,FINAL_REGISTERED,Successfully constructed Control and Recovery state pair passing all semantic quality invariants.
math500_288,FINAL_REGISTERED,Successfully constructed Control and Recovery state pair passing all semantic quality invariants.
math500_289,FINAL_REGISTERED,Successfully constructed Control and Recovery state pair passing all semantic quality invariants.
math500_290,FINAL_REGISTERED,Successfully constructed Control and Recovery state pair passing all semantic quality invariants.
math500_291,FINAL_REGISTERED,Successfully constructed Control and Recovery state pair passing all semantic quality invariants.
math500_293,FINAL_REGISTERED,Successfully constructed Control and Recovery state pair passing all semantic quality invariants.
math500_294,FINAL_REGISTERED,Successfully constructed Control and Recovery state pair passing all semantic quality invariants.
math500_295,FINAL_REGISTERED,Successfully constructed Control and Recovery state pair passing all semantic quality invariants.
math500_296,FINAL_REGISTERED,Successfully constructed Control and Recovery state pair passing all semantic quality invariants.
math500_297,FINAL_REGISTERED,Successfully constructed Control and Recovery state pair passing all semantic quality invariants.
math500_298,FINAL_REGISTERED,Successfully constructed Control and Recovery state pair passing all semantic quality invariants.
math500_299,FINAL_REGISTERED,Successfully constructed Control and Recovery state pair passing all semantic quality invariants.
math500_300,FINAL_REGISTERED,Successfully constructed Control and Recovery state pair passing all semantic quality invariants.
math500_301,FINAL_REGISTERED,Successfully constructed Control and Recovery state pair passing all semantic quality invariants.
math500_302,FINAL_REGISTERED,Successfully constructed Control and Recovery state pair passing all semantic quality invariants.
math500_303,FINAL_REGISTERED,Successfully constructed Control and Recovery state pair passing all semantic quality invariants.
math500_304,FINAL_REGISTERED,Successfully constructed Control and Recovery state pair passing all semantic quality invariants.
math500_305,FINAL_REGISTERED,Successfully constructed Control and Recovery state pair passing all semantic quality invariants.
math500_306,FINAL_REGISTERED,Successfully constructed Control and Recovery state pair passing all semantic quality invariants.
math500_307,FINAL_REGISTERED,Successfully constructed Control and Recovery state pair passing all semantic quality invariants.
math500_308,FINAL_REGISTERED,Successfully constructed Control and Recovery state pair passing all semantic quality invariants.
math500_309,FINAL_REGISTERED,Successfully constructed Control and Recovery state pair passing all semantic quality invariants.
math500_310,FINAL_REGISTERED,Successfully constructed Control and Recovery state pair passing all semantic quality invariants.
math500_312,FINAL_REGISTERED,Successfully constructed Control and Recovery state pair passing all semantic quality invariants.
math500_313,FINAL_REGISTERED,Successfully constructed Control and Recovery state pair passing all semantic quality invariants.
math500_314,FINAL_REGISTERED,Successfully constructed Control and Recovery state pair passing all semantic quality invariants.
math500_315,FINAL_REGISTERED,Successfully constructed Control and Recovery state pair passing all semantic quality invariants.
math500_316,FINAL_REGISTERED,Successfully constructed Control and Recovery state pair passing all semantic quality invariants.
math500_317,FINAL_REGISTERED,Successfully constructed Control and Recovery state pair passing all semantic quality invariants.
math500_318,FINAL_REGISTERED,Successfully constructed Control and Recovery state pair passing all semantic quality invariants.
math500_319,FINAL_REGISTERED,Successfully constructed Control and Recovery state pair passing all semantic quality invariants.
math500_320,FINAL_REGISTERED,Successfully constructed Control and Recovery state pair passing all semantic quality invariants.
math500_321,FINAL_REGISTERED,Successfully constructed Control and Recovery state pair passing all semantic quality invariants.
math500_322,FINAL_REGISTERED,Successfully constructed Control and Recovery state pair passing all semantic quality invariants.
math500_323,FINAL_REGISTERED,Successfully constructed Control and Recovery state pair passing all semantic quality invariants.
math500_324,FINAL_REGISTERED,Successfully constructed Control and Recovery state pair passing all semantic quality invariants.
math500_325,FINAL_REGISTERED,Successfully constructed Control and Recovery state pair passing all semantic quality invariants.
math500_326,FINAL_REGISTERED,Successfully constructed Control and Recovery state pair passing all semantic quality invariants.
math500_327,FINAL_REGISTERED,Successfully constructed Control and Recovery state pair passing all semantic quality invariants.
math500_328,FINAL_REGISTERED,Successfully constructed Control and Recovery state pair passing all semantic quality invariants.
math500_329,FINAL_REGISTERED,Successfully constructed Control and Recovery state pair passing all semantic quality invariants.
math500_330,FINAL_REGISTERED,Successfully constructed Control and Recovery state pair passing all semantic quality invariants.
math500_331,FINAL_REGISTERED,Successfully constructed Control and Recovery state pair passing all semantic quality invariants.
math500_332,FINAL_REGISTERED,Successfully constructed Control and Recovery state pair passing all semantic quality invariants.
math500_333,FINAL_REGISTERED,Successfully constructed Control and Recovery state pair passing all semantic quality invariants.
math500_334,FINAL_REGISTERED,Successfully constructed Control and Recovery state pair passing all semantic quality invariants.
math500_335,FINAL_REGISTERED,Successfully constructed Control and Recovery state pair passing all semantic quality invariants.
math500_337,FINAL_REGISTERED,Successfully constructed Control and Recovery state pair passing all semantic quality invariants.
math500_338,FINAL_REGISTERED,Successfully constructed Control and Recovery state pair passing all semantic quality invariants.
math500_339,FINAL_REGISTERED,Successfully constructed Control and Recovery state pair passing all semantic quality invariants.
math500_340,FINAL_REGISTERED,Successfully constructed Control and Recovery state pair passing all semantic quality invariants.
math500_341,FINAL_REGISTERED,Successfully constructed Control and Recovery state pair passing all semantic quality invariants.
math500_342,FINAL_REGISTERED,Successfully constructed Control and Recovery state pair passing all semantic quality invariants.
math500_343,FINAL_REGISTERED,Successfully constructed Control and Recovery state pair passing all semantic quality invariants.
math500_344,FINAL_REGISTERED,Successfully constructed Control and Recovery state pair passing all semantic quality invariants.
math500_345,FINAL_REGISTERED,Successfully constructed Control and Recovery state pair passing all semantic quality invariants.
math500_346,FINAL_REGISTERED,Successfully constructed Control and Recovery state pair passing all semantic quality invariants.
math500_347,FINAL_REGISTERED,Successfully constructed Control and Recovery state pair passing all semantic quality invariants.
math500_349,FINAL_REGISTERED,Successfully constructed Control and Recovery state pair passing all semantic quality invariants.
math500_350,FINAL_REGISTERED,Successfully constructed Control and Recovery state pair passing all semantic quality invariants.
math500_351,FINAL_REGISTERED,Successfully constructed Control and Recovery state pair passing all semantic quality invariants.
math500_352,FINAL_REGISTERED,Successfully constructed Control and Recovery state pair passing all semantic quality invariants.
math500_353,FINAL_REGISTERED,Successfully constructed Control and Recovery state pair passing all semantic quality invariants.
math500_354,FINAL_REGISTERED,Successfully constructed Control and Recovery state pair passing all semantic quality invariants.
math500_355,FINAL_REGISTERED,Successfully constructed Control and Recovery state pair passing all semantic quality invariants.
math500_356,FINAL_REGISTERED,Successfully constructed Control and Recovery state pair passing all semantic quality invariants.
math500_357,FINAL_REGISTERED,Successfully constructed Control and Recovery state pair passing all semantic quality invariants.
math500_358,FINAL_REGISTERED,Successfully constructed Control and Recovery state pair passing all semantic quality invariants.
math500_359,FINAL_REGISTERED,Successfully constructed Control and Recovery state pair passing all semantic quality invariants.
math500_360,FINAL_REGISTERED,Successfully constructed Control and Recovery state pair passing all semantic quality invariants.
math500_361,FINAL_REGISTERED,Successfully constructed Control and Recovery state pair passing all semantic quality invariants.
math500_362,NO_EFFECT_MUTATION,Target equation step contains complex formatting tags that mutate into identical string or fail boundary checks.
math500_363,FINAL_REGISTERED,Successfully constructed Control and Recovery state pair passing all semantic quality invariants.
math500_364,FINAL_REGISTERED,Successfully constructed Control and Recovery state pair passing all semantic quality invariants.
math500_365,FINAL_REGISTERED,Successfully constructed Control and Recovery state pair passing all semantic quality invariants.
math500_366,FINAL_REGISTERED,Successfully constructed Control and Recovery state pair passing all semantic quality invariants.
math500_367,FINAL_REGISTERED,Successfully constructed Control and Recovery state pair passing all semantic quality invariants.
math500_368,FINAL_REGISTERED,Successfully constructed Control and Recovery state pair passing all semantic quality invariants.
math500_369,FINAL_REGISTERED,Successfully constructed Control and Recovery state pair passing all semantic quality invariants.
math500_370,FINAL_REGISTERED,Successfully constructed Control and Recovery state pair passing all semantic quality invariants.
math500_371,FINAL_REGISTERED,Successfully constructed Control and Recovery state pair passing all semantic quality invariants.
math500_372,FINAL_REGISTERED,Successfully constructed Control and Recovery state pair passing all semantic quality invariants.
math500_373,FINAL_REGISTERED,Successfully constructed Control and Recovery state pair passing all semantic quality invariants.
math500_374,FINAL_REGISTERED,Successfully constructed Control and Recovery state pair passing all semantic quality invariants.
math500_375,FINAL_REGISTERED,Successfully constructed Control and Recovery state pair passing all semantic quality invariants.
math500_376,FINAL_REGISTERED,Successfully constructed Control and Recovery state pair passing all semantic quality invariants.
math500_377,FINAL_REGISTERED,Successfully constructed Control and Recovery state pair passing all semantic quality invariants.
math500_378,FINAL_REGISTERED,Successfully constructed Control and Recovery state pair passing all semantic quality invariants.
math500_379,FINAL_REGISTERED,Successfully constructed Control and Recovery state pair passing all semantic quality invariants.
math500_380,FINAL_REGISTERED,Successfully constructed Control and Recovery state pair passing all semantic quality invariants.
math500_381,FINAL_REGISTERED,Successfully constructed Control and Recovery state pair passing all semantic quality invariants.
math500_382,FINAL_REGISTERED,Successfully constructed Control and Recovery state pair passing all semantic quality invariants.
math500_383,FINAL_REGISTERED,Successfully constructed Control and Recovery state pair passing all semantic quality invariants.
math500_384,FINAL_REGISTERED,Successfully constructed Control and Recovery state pair passing all semantic quality invariants.
math500_385,FINAL_REGISTERED,Successfully constructed Control and Recovery state pair passing all semantic quality invariants.
math500_386,FINAL_REGISTERED,Successfully constructed Control and Recovery state pair passing all semantic quality invariants.
math500_387,FINAL_REGISTERED,Successfully constructed Control and Recovery state pair passing all semantic quality invariants.
math500_388,FINAL_REGISTERED,Successfully constructed Control and Recovery state pair passing all semantic quality invariants.
math500_389,FINAL_REGISTERED,Successfully constructed Control and Recovery state pair passing all semantic quality invariants.
math500_390,FINAL_REGISTERED,Successfully constructed Control and Recovery state pair passing all semantic quality invariants.
math500_391,FINAL_REGISTERED,Successfully constructed Control and Recovery state pair passing all semantic quality invariants.
math500_392,FINAL_REGISTERED,Successfully constructed Control and Recovery state pair passing all semantic quality invariants.
math500_393,FINAL_REGISTERED,Successfully constructed Control and Recovery state pair passing all semantic quality invariants.
math500_394,FINAL_REGISTERED,Successfully constructed Control and Recovery state pair passing all semantic quality invariants.
math500_395,FINAL_REGISTERED,Successfully constructed Control and Recovery state pair passing all semantic quality invariants.
math500_396,FINAL_REGISTERED,Successfully constructed Control and Recovery state pair passing all semantic quality invariants.
math500_397,FINAL_REGISTERED,Successfully constructed Control and Recovery state pair passing all semantic quality invariants.
math500_398,FINAL_REGISTERED,Successfully constructed Control and Recovery state pair passing all semantic quality invariants.
math500_399,FINAL_REGISTERED,Successfully constructed Control and Recovery state pair passing all semantic quality invariants.
math500_400,FINAL_REGISTERED,Successfully constructed Control and Recovery state pair passing all semantic quality invariants.
math500_401,FINAL_REGISTERED,Successfully constructed Control and Recovery state pair passing all semantic quality invariants.
math500_402,FINAL_REGISTERED,Successfully constructed Control and Recovery state pair passing all semantic quality invariants.
math500_403,FINAL_REGISTERED,Successfully constructed Control and Recovery state pair passing all semantic quality invariants.
math500_404,FINAL_REGISTERED,Successfully constructed Control and Recovery state pair passing all semantic quality invariants.
math500_405,FINAL_REGISTERED,Successfully constructed Control and Recovery state pair passing all semantic quality invariants.
math500_406,FINAL_REGISTERED,Successfully constructed Control and Recovery state pair passing all semantic quality invariants.
math500_407,FINAL_REGISTERED,Successfully constructed Control and Recovery state pair passing all semantic quality invariants.
math500_408,FINAL_REGISTERED,Successfully constructed Control and Recovery state pair passing all semantic quality invariants.
math500_409,FINAL_REGISTERED,Successfully constructed Control and Recovery state pair passing all semantic quality invariants.
math500_410,FINAL_REGISTERED,Successfully constructed Control and Recovery state pair passing all semantic quality invariants.
math500_411,FINAL_REGISTERED,Successfully constructed Control and Recovery state pair passing all semantic quality invariants.
math500_413,FINAL_REGISTERED,Successfully constructed Control and Recovery state pair passing all semantic quality invariants.
math500_414,FINAL_REGISTERED,Successfully constructed Control and Recovery state pair passing all semantic quality invariants.
math500_416,FINAL_REGISTERED,Successfully constructed Control and Recovery state pair passing all semantic quality invariants.
math500_417,FINAL_REGISTERED,Successfully constructed Control and Recovery state pair passing all semantic quality invariants.
math500_418,FINAL_REGISTERED,Successfully constructed Control and Recovery state pair passing all semantic quality invariants.
math500_419,FINAL_REGISTERED,Successfully constructed Control and Recovery state pair passing all semantic quality invariants.
math500_420,FINAL_REGISTERED,Successfully constructed Control and Recovery state pair passing all semantic quality invariants.
math500_421,FINAL_REGISTERED,Successfully constructed Control and Recovery state pair passing all semantic quality invariants.
math500_422,FINAL_REGISTERED,Successfully constructed Control and Recovery state pair passing all semantic quality invariants.
math500_423,FINAL_REGISTERED,Successfully constructed Control and Recovery state pair passing all semantic quality invariants.
math500_425,FINAL_REGISTERED,Successfully constructed Control and Recovery state pair passing all semantic quality invariants.
math500_426,FINAL_REGISTERED,Successfully constructed Control and Recovery state pair passing all semantic quality invariants.
math500_427,FINAL_REGISTERED,Successfully constructed Control and Recovery state pair passing all semantic quality invariants.
math500_428,FINAL_REGISTERED,Successfully constructed Control and Recovery state pair passing all semantic quality invariants.
math500_429,FINAL_REGISTERED,Successfully constructed Control and Recovery state pair passing all semantic quality invariants.
math500_430,FINAL_REGISTERED,Successfully constructed Control and Recovery state pair passing all semantic quality invariants.
math500_432,FINAL_REGISTERED,Successfully constructed Control and Recovery state pair passing all semantic quality invariants.
math500_433,FINAL_REGISTERED,Successfully constructed Control and Recovery state pair passing all semantic quality invariants.
math500_434,FINAL_REGISTERED,Successfully constructed Control and Recovery state pair passing all semantic quality invariants.
math500_435,FINAL_REGISTERED,Successfully constructed Control and Recovery state pair passing all semantic quality invariants.
math500_436,FINAL_REGISTERED,Successfully constructed Control and Recovery state pair passing all semantic quality invariants.
math500_437,FINAL_REGISTERED,Successfully constructed Control and Recovery state pair passing all semantic quality invariants.
math500_438,FINAL_REGISTERED,Successfully constructed Control and Recovery state pair passing all semantic quality invariants.
math500_439,FINAL_REGISTERED,Successfully constructed Control and Recovery state pair passing all semantic quality invariants.
math500_440,FINAL_REGISTERED,Successfully constructed Control and Recovery state pair passing all semantic quality invariants.
math500_441,FINAL_REGISTERED,Successfully constructed Control and Recovery state pair passing all semantic quality invariants.
math500_442,FINAL_REGISTERED,Successfully constructed Control and Recovery state pair passing all semantic quality invariants.
math500_443,FINAL_REGISTERED,Successfully constructed Control and Recovery state pair passing all semantic quality invariants.
math500_444,FINAL_REGISTERED,Successfully constructed Control and Recovery state pair passing all semantic quality invariants.
math500_445,FINAL_REGISTERED,Successfully constructed Control and Recovery state pair passing all semantic quality invariants.
math500_447,FINAL_REGISTERED,Successfully constructed Control and Recovery state pair passing all semantic quality invariants.
math500_448,FINAL_REGISTERED,Successfully constructed Control and Recovery state pair passing all semantic quality invariants.
math500_449,FINAL_REGISTERED,Successfully constructed Control and Recovery state pair passing all semantic quality invariants.
math500_450,FINAL_REGISTERED,Successfully constructed Control and Recovery state pair passing all semantic quality invariants.
math500_451,FINAL_REGISTERED,Successfully constructed Control and Recovery state pair passing all semantic quality invariants.
math500_452,FINAL_REGISTERED,Successfully constructed Control and Recovery state pair passing all semantic quality invariants.
math500_453,FINAL_REGISTERED,Successfully constructed Control and Recovery state pair passing all semantic quality invariants.
math500_454,FINAL_REGISTERED,Successfully constructed Control and Recovery state pair passing all semantic quality invariants.
math500_455,FINAL_REGISTERED,Successfully constructed Control and Recovery state pair passing all semantic quality invariants.
math500_456,FINAL_REGISTERED,Successfully constructed Control and Recovery state pair passing all semantic quality invariants.
math500_457,FINAL_REGISTERED,Successfully constructed Control and Recovery state pair passing all semantic quality invariants.
math500_458,FINAL_REGISTERED,Successfully constructed Control and Recovery state pair passing all semantic quality invariants.
math500_459,FINAL_REGISTERED,Successfully constructed Control and Recovery state pair passing all semantic quality invariants.
math500_460,FINAL_REGISTERED,Successfully constructed Control and Recovery state pair passing all semantic quality invariants.
math500_461,FINAL_REGISTERED,Successfully constructed Control and Recovery state pair passing all semantic quality invariants.
math500_462,FINAL_REGISTERED,Successfully constructed Control and Recovery state pair passing all semantic quality invariants.
math500_463,FINAL_REGISTERED,Successfully constructed Control and Recovery state pair passing all semantic quality invariants.
math500_464,FINAL_REGISTERED,Successfully constructed Control and Recovery state pair passing all semantic quality invariants.
math500_465,FINAL_REGISTERED,Successfully constructed Control and Recovery state pair passing all semantic quality invariants.
math500_466,FINAL_REGISTERED,Successfully constructed Control and Recovery state pair passing all semantic quality invariants.
math500_467,FINAL_REGISTERED,Successfully constructed Control and Recovery state pair passing all semantic quality invariants.
math500_468,FINAL_REGISTERED,Successfully constructed Control and Recovery state pair passing all semantic quality invariants.
math500_469,FINAL_REGISTERED,Successfully constructed Control and Recovery state pair passing all semantic quality invariants.
math500_470,FINAL_REGISTERED,Successfully constructed Control and Recovery state pair passing all semantic quality invariants.
math500_471,FINAL_REGISTERED,Successfully constructed Control and Recovery state pair passing all semantic quality invariants.
math500_472,FINAL_REGISTERED,Successfully constructed Control and Recovery state pair passing all semantic quality invariants.
math500_473,FINAL_REGISTERED,Successfully constructed Control and Recovery state pair passing all semantic quality invariants.
math500_474,FINAL_REGISTERED,Successfully constructed Control and Recovery state pair passing all semantic quality invariants.
math500_475,FINAL_REGISTERED,Successfully constructed Control and Recovery state pair passing all semantic quality invariants.
math500_476,FINAL_REGISTERED,Successfully constructed Control and Recovery state pair passing all semantic quality invariants.
math500_477,FINAL_REGISTERED,Successfully constructed Control and Recovery state pair passing all semantic quality invariants.
math500_478,FINAL_REGISTERED,Successfully constructed Control and Recovery state pair passing all semantic quality invariants.
math500_479,FINAL_REGISTERED,Successfully constructed Control and Recovery state pair passing all semantic quality invariants.
math500_480,FINAL_REGISTERED,Successfully constructed Control and Recovery state pair passing all semantic quality invariants.
math500_481,FINAL_REGISTERED,Successfully constructed Control and Recovery state pair passing all semantic quality invariants.
math500_482,FINAL_REGISTERED,Successfully constructed Control and Recovery state pair passing all semantic quality invariants.
math500_483,FINAL_REGISTERED,Successfully constructed Control and Recovery state pair passing all semantic quality invariants.
math500_484,FINAL_REGISTERED,Successfully constructed Control and Recovery state pair passing all semantic quality invariants.
math500_485,FINAL_REGISTERED,Successfully constructed Control and Recovery state pair passing all semantic quality invariants.
math500_486,FINAL_REGISTERED,Successfully constructed Control and Recovery state pair passing all semantic quality invariants.
math500_487,FINAL_REGISTERED,Successfully constructed Control and Recovery state pair passing all semantic quality invariants.
math500_488,FINAL_REGISTERED,Successfully constructed Control and Recovery state pair passing all semantic quality invariants.
math500_489,FINAL_REGISTERED,Successfully constructed Control and Recovery state pair passing all semantic quality invariants.
math500_490,FINAL_REGISTERED,Successfully constructed Control and Recovery state pair passing all semantic quality invariants.
math500_491,FINAL_REGISTERED,Successfully constructed Control and Recovery state pair passing all semantic quality invariants.
math500_493,FINAL_REGISTERED,Successfully constructed Control and Recovery state pair passing all semantic quality invariants.
math500_494,FINAL_REGISTERED,Successfully constructed Control and Recovery state pair passing all semantic quality invariants.
math500_495,FINAL_REGISTERED,Successfully constructed Control and Recovery state pair passing all semantic quality invariants.
math500_496,FINAL_REGISTERED,Successfully constructed Control and Recovery state pair passing all semantic quality invariants.
math500_497,FINAL_REGISTERED,Successfully constructed Control and Recovery state pair passing all semantic quality invariants.
math500_498,FINAL_REGISTERED,Successfully constructed Control and Recovery state pair passing all semantic quality invariants.
math500_499,FINAL_REGISTERED,Successfully constructed Control and Recovery state pair passing all semantic quality invariants.
